year,mineral,country,is_rare_earth,end_use,mine_production_tonnes,production_share_pct,reserves_tonnes,years_of_reserves,refined_share_pct,price_usd_per_tonne,demand_growth_pct,export_control_active,hhi,top_country_share_pct,supply_risk_score,high_supply_risk,disruption,disruption_next_year
2015,Antimony,Australia,0,flame_ret,5853.8,3.97,123696.0,21.1,3.18,11340.82,10.4,0,0.3796,57.75,28.2,0,0,0.0
2016,Antimony,Australia,0,flame_ret,6385.8,3.95,215205.0,33.7,3.16,11738.55,7.9,0,0.3549,52.35,29.1,0,0,0.0
2017,Antimony,Australia,0,flame_ret,6342.4,3.75,379889.0,59.9,3.0,10595.2,7.1,0,0.3604,52.93,23.3,0,0,0.0
2018,Antimony,Australia,0,flame_ret,7178.8,4.09,86793.0,12.1,3.27,11535.79,9.2,0,0.3784,58.15,41.5,0,0,0.0
2019,Antimony,Australia,0,flame_ret,6516.7,3.89,167755.0,25.7,3.11,11603.62,6.0,0,0.388,57.97,28.9,0,0,0.0
2020,Antimony,Australia,0,flame_ret,6942.6,3.75,156639.0,22.6,3.0,11562.73,4.2,0,0.3812,58.08,25.6,0,0,0.0
2021,Antimony,Australia,0,flame_ret,6885.0,3.74,363299.0,52.8,2.99,13183.21,9.8,0,0.3624,52.42,26.4,0,0,0.0
2022,Antimony,Australia,0,flame_ret,8097.7,4.0,417485.0,51.6,3.2,11985.2,2.9,0,0.3835,58.8,24.6,0,0,0.0
2023,Antimony,Australia,0,flame_ret,8052.9,3.85,136276.0,16.9,3.08,14404.84,8.3,0,0.3571,52.01,32.8,0,0,0.0
2024,Antimony,Australia,0,flame_ret,7595.8,3.74,335037.0,44.1,2.99,12581.56,2.1,0,0.3654,54.33,27.7,0,0,0.0
2025,Antimony,Australia,0,flame_ret,8830.6,4.1,304633.0,34.5,3.28,15195.77,8.7,0,0.3641,53.92,31.3,0,0,0.0
2026,Antimony,Australia,0,flame_ret,8929.6,3.75,368775.0,41.3,3.0,14063.78,2.1,0,0.3577,51.17,27.9,0,0,
2015,Antimony,China,0,flame_ret,85131.4,57.75,2155057.0,25.3,86.62,11340.82,1.3,0,0.3796,57.75,35.6,0,0,0.0
2016,Antimony,China,0,flame_ret,84696.7,52.35,3080046.0,36.4,78.53,11738.55,4.6,0,0.3549,52.35,38.0,0,0,0.0
2017,Antimony,China,0,flame_ret,89474.8,52.93,1109999.0,12.4,79.4,10595.2,7.2,0,0.3604,52.93,35.3,0,0,0.0
2018,Antimony,China,0,flame_ret,102056.0,58.15,3618812.0,35.5,87.23,11535.79,6.8,0,0.3784,58.15,46.0,0,0,0.0
2019,Antimony,China,0,flame_ret,97084.7,57.97,3163332.0,32.6,86.96,11603.62,6.6,0,0.388,57.97,36.9,0,0,0.0
2020,Antimony,China,0,flame_ret,107555.4,58.08,4393230.0,40.8,87.12,11562.73,7.0,0,0.3812,58.08,37.3,0,0,0.0
2021,Antimony,China,0,flame_ret,96590.5,52.42,2833914.0,29.3,78.63,13183.21,8.0,0,0.3624,52.42,36.1,0,0,0.0
2022,Antimony,China,0,flame_ret,119112.3,58.8,3370760.0,28.3,88.2,11985.2,6.4,0,0.3835,58.8,34.1,0,0,0.0
2023,Antimony,China,0,flame_ret,108693.1,52.01,4599909.0,42.3,78.02,14404.84,5.1,0,0.3571,52.01,33.4,0,0,1.0
2024,Antimony,China,0,flame_ret,110472.4,54.33,1564610.0,14.2,81.49,12581.56,3.6,1,0.3654,54.33,61.3,1,1,0.0
2025,Antimony,China,0,flame_ret,116015.9,53.92,6788006.0,58.5,80.88,15195.77,6.0,1,0.3641,53.92,46.7,0,0,0.0
2026,Antimony,China,0,flame_ret,121750.6,51.17,6024443.0,49.5,76.75,14063.78,3.6,1,0.3577,51.17,54.4,1,0,
2015,Antimony,Myanmar,0,flame_ret,8779.9,5.96,473924.0,54.0,4.76,11340.82,3.6,0,0.3796,57.75,36.5,0,0,0.0
2016,Antimony,Myanmar,0,flame_ret,9816.2,6.07,467761.0,47.7,4.85,11738.55,2.0,0,0.3549,52.35,35.3,0,0,0.0
2017,Antimony,Myanmar,0,flame_ret,10307.6,6.1,183068.0,17.8,4.88,10595.2,8.8,0,0.3604,52.93,41.2,0,0,0.0
2018,Antimony,Myanmar,0,flame_ret,11135.7,6.35,316975.0,28.5,5.08,11535.79,8.0,0,0.3784,58.15,40.1,0,0,0.0
2019,Antimony,Myanmar,0,flame_ret,10237.6,6.11,273924.0,26.8,4.89,11603.62,1.4,0,0.388,57.97,40.2,0,0,0.0
2020,Antimony,Myanmar,0,flame_ret,11396.2,6.15,430982.0,37.8,4.92,11562.73,6.2,0,0.3812,58.08,43.1,0,0,0.0
2021,Antimony,Myanmar,0,flame_ret,11283.7,6.12,476424.0,42.2,4.9,13183.21,5.0,0,0.3624,52.42,33.5,0,0,0.0
2022,Antimony,Myanmar,0,flame_ret,12736.5,6.29,300899.0,23.6,5.03,11985.2,8.1,0,0.3835,58.8,38.0,0,0,0.0
2023,Antimony,Myanmar,0,flame_ret,12501.5,5.98,574340.0,45.9,4.79,14404.84,5.6,0,0.3571,52.01,28.9,0,0,0.0
2024,Antimony,Myanmar,0,flame_ret,11685.3,5.75,602491.0,51.6,4.6,12581.56,9.8,0,0.3654,54.33,34.6,0,0,0.0
2025,Antimony,Myanmar,0,flame_ret,12593.2,5.85,184040.0,14.6,4.68,15195.77,7.9,0,0.3641,53.92,36.3,0,0,0.0
2026,Antimony,Myanmar,0,flame_ret,14869.0,6.25,233887.0,15.7,5.0,14063.78,6.9,0,0.3577,51.17,36.8,0,0,
2015,Antimony,Russia,0,flame_ret,30766.0,20.87,1507096.0,49.0,16.7,11340.82,6.5,0,0.3796,57.75,38.1,0,0,0.0
2016,Antimony,Russia,0,flame_ret,34182.4,21.13,535160.0,15.7,16.9,11738.55,3.4,0,0.3549,52.35,40.3,0,0,0.0
2017,Antimony,Russia,0,flame_ret,35751.4,21.15,811771.0,22.7,16.92,10595.2,7.3,0,0.3604,52.93,29.2,0,0,0.0
2018,Antimony,Russia,0,flame_ret,35867.7,20.44,908497.0,25.3,16.35,11535.79,7.2,0,0.3784,58.15,42.1,0,0,0.0
2019,Antimony,Russia,0,flame_ret,31319.0,18.7,1386707.0,44.3,14.96,11603.62,9.7,0,0.388,57.97,48.1,0,0,0.0
2020,Antimony,Russia,0,flame_ret,35860.2,19.36,1642234.0,45.8,15.49,11562.73,3.1,0,0.3812,58.08,32.7,0,0,0.0
2021,Antimony,Russia,0,flame_ret,36336.7,19.72,1500541.0,41.3,15.78,13183.21,2.3,0,0.3624,52.42,38.4,0,0,0.0
2022,Antimony,Russia,0,flame_ret,41914.1,20.69,719904.0,17.2,16.55,11985.2,7.3,0,0.3835,58.8,46.0,0,0,0.0
2023,Antimony,Russia,0,flame_ret,43776.3,20.95,1160121.0,26.5,16.76,14404.84,3.7,0,0.3571,52.01,26.6,0,0,0.0
2024,Antimony,Russia,0,flame_ret,42155.0,20.73,2098876.0,49.8,16.58,12581.56,7.7,0,0.3654,54.33,40.4,0,0,0.0
2025,Antimony,Russia,0,flame_ret,44001.7,20.45,2460141.0,55.9,16.36,15195.77,1.1,0,0.3641,53.92,42.1,0,0,0.0
2026,Antimony,Russia,0,flame_ret,49315.9,20.73,2792186.0,56.6,16.58,14063.78,1.4,0,0.3577,51.17,36.6,0,0,
2015,Antimony,Tajikistan,0,flame_ret,21402.5,14.52,236123.0,11.0,11.61,11340.82,10.6,0,0.3796,57.75,42.5,0,0,0.0
2016,Antimony,Tajikistan,0,flame_ret,25143.8,15.54,901806.0,35.9,12.43,11738.55,8.6,0,0.3549,52.35,26.5,0,0,0.0
2017,Antimony,Tajikistan,0,flame_ret,25246.0,14.94,619454.0,24.5,11.95,10595.2,5.6,0,0.3604,52.93,29.2,0,0,0.0
2018,Antimony,Tajikistan,0,flame_ret,25813.7,14.71,920998.0,35.7,11.77,11535.79,0.0,0,0.3784,58.15,36.0,0,0,0.0
2019,Antimony,Tajikistan,0,flame_ret,24332.3,14.53,942440.0,38.7,11.62,11603.62,5.1,0,0.388,57.97,31.4,0,0,0.0
2020,Antimony,Tajikistan,0,flame_ret,29053.3,15.69,940907.0,32.4,12.55,11562.73,6.9,0,0.3812,58.08,31.4,0,0,0.0
2021,Antimony,Tajikistan,0,flame_ret,27799.7,15.09,1234706.0,44.4,12.07,13183.21,9.3,0,0.3624,52.42,31.4,0,0,0.0
2022,Antimony,Tajikistan,0,flame_ret,28609.8,14.12,544307.0,19.0,11.3,11985.2,5.7,0,0.3835,58.8,33.9,0,0,0.0
2023,Antimony,Tajikistan,0,flame_ret,31568.8,15.11,952361.0,30.2,12.09,14404.84,-1.2,0,0.3571,52.01,25.2,0,0,0.0
2024,Antimony,Tajikistan,0,flame_ret,32069.0,15.77,397245.0,12.4,12.62,12581.56,10.9,0,0.3654,54.33,37.4,0,0,0.0
2025,Antimony,Tajikistan,0,flame_ret,32778.3,15.23,1896150.0,57.8,12.19,15195.77,4.2,0,0.3641,53.92,35.1,0,0,0.0
2026,Antimony,Tajikistan,0,flame_ret,33752.7,14.19,1046050.0,31.0,11.35,14063.78,7.1,0,0.3577,51.17,22.8,0,0,
2015,Cerium,Australia,1,catalyst,6077.5,11.42,212522.0,35.0,9.14,2500.0,9.6,0,0.4509,60.89,34.6,0,0,0.0
2016,Cerium,Australia,1,catalyst,6609.5,11.9,89863.0,13.6,9.52,2250.0,10.0,0,0.4558,65.14,44.2,0,0,0.0
2017,Cerium,Australia,1,catalyst,7809.2,12.62,416255.0,53.3,10.09,2750.0,13.1,0,0.4394,59.92,33.5,0,0,0.0
2018,Cerium,Australia,1,catalyst,7934.3,13.01,65816.0,8.3,10.41,3000.0,13.5,0,0.4329,61.27,38.8,0,0,0.0
2019,Cerium,Australia,1,catalyst,8172.2,12.89,412924.0,50.5,10.31,2500.0,4.7,0,0.4578,66.47,31.0,0,0,0.0
2020,Cerium,Australia,1,catalyst,9464.3,13.54,142359.0,15.0,10.83,2750.0,8.8,0,0.4469,66.02,42.4,0,0,1.0
2021,Cerium,Australia,1,catalyst,8433.2,12.75,124130.0,14.7,10.2,4750.0,10.9,0,0.4413,63.03,44.8,0,1,0.0
2022,Cerium,Australia,1,catalyst,9462.0,12.57,353199.0,37.3,10.06,5250.0,8.6,0,0.4492,65.17,42.0,0,0,0.0
2023,Cerium,Australia,1,catalyst,9460.9,12.23,341908.0,36.1,9.78,3500.0,5.6,0,0.4309,62.97,36.5,0,0,0.0
2024,Cerium,Australia,1,catalyst,10639.5,13.95,411455.0,38.7,11.16,3000.0,4.5,0,0.4091,58.69,30.6,0,0,0.0
2025,Cerium,Australia,1,catalyst,11112.9,13.09,341407.0,30.7,10.47,4000.0,5.2,0,0.4058,57.68,31.0,0,0,0.0
2026,Cerium,Australia,1,catalyst,10799.3,13.09,94727.0,8.8,10.47,4500.0,5.4,0,0.4225,61.42,46.9,0,0,
2015,Cerium,China,1,catalyst,32390.8,60.89,759802.0,23.5,91.33,2500.0,1.7,0,0.4509,60.89,43.0,0,0,0.0
2016,Cerium,China,1,catalyst,36165.8,65.14,844740.0,23.4,97.71,2250.0,7.1,0,0.4558,65.14,39.6,0,0,0.0
2017,Cerium,China,1,catalyst,37080.2,59.92,1823479.0,49.2,89.88,2750.0,1.4,0,0.4394,59.92,38.9,0,0,0.0
2018,Cerium,China,1,catalyst,37360.2,61.27,2141760.0,57.3,91.91,3000.0,11.2,0,0.4329,61.27,37.1,0,0,0.0
2019,Cerium,China,1,catalyst,42139.8,66.47,1225771.0,29.1,99.71,2500.0,4.6,0,0.4578,66.47,46.7,0,0,0.0
2020,Cerium,China,1,catalyst,46158.0,66.02,1144033.0,24.8,99.03,2750.0,2.7,0,0.4469,66.02,47.4,0,0,1.0
2021,Cerium,China,1,catalyst,41686.6,63.03,1305661.0,31.3,94.55,4750.0,3.6,0,0.4413,63.03,49.2,1,1,0.0
2022,Cerium,China,1,catalyst,49060.7,65.17,2179734.0,44.4,97.76,5250.0,3.1,0,0.4492,65.17,47.3,0,0,0.0
2023,Cerium,China,1,catalyst,48723.1,62.97,999140.0,20.5,94.46,3500.0,7.4,0,0.4309,62.97,42.4,0,0,0.0
2024,Cerium,China,1,catalyst,44754.3,58.69,407841.0,9.1,88.03,3000.0,10.0,0,0.4091,58.69,52.7,1,0,0.0
2025,Cerium,China,1,catalyst,48968.2,57.68,2389620.0,48.8,86.53,4000.0,3.2,0,0.4058,57.68,43.2,0,0,0.0
2026,Cerium,China,1,catalyst,50670.4,61.42,883068.0,17.4,92.13,4500.0,10.1,0,0.4225,61.42,46.0,0,0,
2015,Cerium,India,1,catalyst,2758.7,5.19,98295.0,35.6,4.15,2500.0,6.5,0,0.4509,60.89,27.1,0,0,0.0
2016,Cerium,India,1,catalyst,2811.4,5.06,113433.0,40.3,4.05,2250.0,8.5,0,0.4558,65.14,35.4,0,0,0.0
2017,Cerium,India,1,catalyst,3082.1,4.98,182147.0,59.1,3.98,2750.0,1.6,0,0.4394,59.92,32.6,0,0,0.0
2018,Cerium,India,1,catalyst,3210.8,5.27,115047.0,35.8,4.21,3000.0,10.8,0,0.4329,61.27,28.5,0,0,0.0
2019,Cerium,India,1,catalyst,3288.7,5.19,29961.0,9.1,4.15,2500.0,7.2,0,0.4578,66.47,42.0,0,0,0.0
2020,Cerium,India,1,catalyst,3665.8,5.24,183153.0,50.0,4.19,2750.0,6.9,0,0.4469,66.02,30.5,0,0,1.0
2021,Cerium,India,1,catalyst,3770.9,5.7,44720.0,11.9,4.56,4750.0,10.0,0,0.4413,63.03,41.2,0,1,0.0
2022,Cerium,India,1,catalyst,4111.1,5.46,158383.0,38.5,4.37,5250.0,3.6,0,0.4492,65.17,35.5,0,0,0.0
2023,Cerium,India,1,catalyst,4517.0,5.84,70196.0,15.5,4.67,3500.0,9.7,0,0.4309,62.97,33.4,0,0,0.0
2024,Cerium,India,1,catalyst,4467.1,5.86,37339.0,8.4,4.69,3000.0,13.4,0,0.4091,58.69,42.8,0,0,0.0
2025,Cerium,India,1,catalyst,4839.5,5.7,228141.0,47.1,4.56,4000.0,2.7,0,0.4058,57.68,30.8,0,0,0.0
2026,Cerium,India,1,catalyst,4494.1,5.45,229594.0,51.1,4.36,4500.0,6.5,0,0.4225,61.42,26.6,0,0,
2015,Cerium,Russia,1,catalyst,2266.4,4.26,101003.0,44.6,3.41,2500.0,10.3,0,0.4509,60.89,38.5,0,0,0.0
2016,Cerium,Russia,1,catalyst,2401.1,4.32,36851.0,15.3,3.46,2250.0,8.5,0,0.4558,65.14,41.7,0,0,0.0
2017,Cerium,Russia,1,catalyst,2549.5,4.12,100460.0,39.4,3.3,2750.0,7.1,0,0.4394,59.92,31.3,0,0,0.0
2018,Cerium,Russia,1,catalyst,2622.8,4.3,44644.0,17.0,3.44,3000.0,4.7,0,0.4329,61.27,47.7,0,0,0.0
2019,Cerium,Russia,1,catalyst,2689.5,4.24,56235.0,20.9,3.39,2500.0,10.3,0,0.4578,66.47,39.9,0,0,0.0
2020,Cerium,Russia,1,catalyst,3048.0,4.36,139376.0,45.7,3.49,2750.0,4.7,0,0.4469,66.02,47.6,0,0,1.0
2021,Cerium,Russia,1,catalyst,2631.4,3.98,26046.0,9.9,3.18,4750.0,11.3,0,0.4413,63.03,58.0,1,1,0.0
2022,Cerium,Russia,1,catalyst,3377.5,4.49,51782.0,15.3,3.59,5250.0,8.9,0,0.4492,65.17,47.7,0,0,0.0
2023,Cerium,Russia,1,catalyst,3608.1,4.66,96747.0,26.8,3.73,3500.0,6.2,0,0.4309,62.97,40.1,0,0,0.0
2024,Cerium,Russia,1,catalyst,3301.1,4.33,78137.0,23.7,3.46,3000.0,6.4,0,0.4091,58.69,44.3,0,0,0.0
2025,Cerium,Russia,1,catalyst,3952.5,4.66,106535.0,27.0,3.72,4000.0,7.2,0,0.4058,57.68,39.0,0,0,0.0
2026,Cerium,Russia,1,catalyst,3494.3,4.24,164128.0,47.0,3.39,4500.0,7.4,0,0.4225,61.42,48.3,1,0,
2015,Cerium,USA,1,catalyst,6948.9,13.06,137265.0,19.8,10.45,2500.0,5.5,0,0.4509,60.89,36.1,0,0,0.0
2016,Cerium,USA,1,catalyst,8021.7,14.45,267743.0,33.4,11.56,2250.0,7.9,0,0.4558,65.14,41.9,0,0,0.0
2017,Cerium,USA,1,catalyst,8309.3,13.43,378057.0,45.5,10.74,2750.0,7.1,0,0.4394,59.92,43.1,0,0,0.0
2018,Cerium,USA,1,catalyst,8761.5,14.37,279997.0,32.0,11.5,3000.0,10.3,0,0.4329,61.27,36.1,0,0,0.0
2019,Cerium,USA,1,catalyst,8763.7,13.82,410281.0,46.8,11.06,2500.0,9.7,0,0.4578,66.47,41.4,0,0,0.0
2020,Cerium,USA,1,catalyst,10104.7,14.45,191650.0,19.0,11.56,2750.0,6.8,0,0.4469,66.02,39.6,0,0,1.0
2021,Cerium,USA,1,catalyst,9411.0,14.23,426568.0,45.3,11.38,4750.0,10.8,0,0.4413,63.03,42.3,0,1,0.0
2022,Cerium,USA,1,catalyst,10605.3,14.09,107196.0,10.1,11.27,5250.0,6.0,0,0.4492,65.17,34.1,0,0,0.0
2023,Cerium,USA,1,catalyst,11959.9,15.46,504222.0,42.2,12.37,3500.0,6.2,0,0.4309,62.97,40.0,0,0,0.0
2024,Cerium,USA,1,catalyst,11467.0,15.04,683135.0,59.6,12.03,3000.0,13.1,0,0.4091,58.69,34.9,0,0,0.0
2025,Cerium,USA,1,catalyst,13223.1,15.58,505024.0,38.2,12.46,4000.0,9.0,0,0.4058,57.68,32.1,0,0,0.0
2026,Cerium,USA,1,catalyst,13279.2,16.1,505667.0,38.1,12.88,4500.0,1.7,0,0.4225,61.42,29.2,0,0,
2015,Cobalt,Australia,0,battery,5932.8,5.15,222428.0,37.5,4.12,30000.0,22.5,0,0.4862,69.33,28.7,0,0,0.0
2016,Cobalt,Australia,0,battery,7289.6,5.28,142733.0,19.6,4.23,31500.0,19.1,0,0.4958,70.62,42.1,0,0,0.0
2017,Cobalt,Australia,0,battery,8075.7,5.27,375143.0,46.5,4.21,42000.0,28.3,0,0.4919,70.25,44.7,0,0,0.0
2018,Cobalt,Australia,0,battery,8884.4,5.05,305656.0,34.4,4.04,45000.0,24.3,0,0.4639,64.25,35.7,0,0,0.0
2019,Cobalt,Australia,0,battery,8956.8,4.57,136649.0,15.3,3.65,33000.0,18.3,0,0.4958,69.17,44.4,0,0,0.0
2020,Cobalt,Australia,0,battery,11239.5,5.0,673171.0,59.9,4.0,30000.0,28.1,0,0.5066,72.99,42.6,0,0,1.0
2021,Cobalt,Australia,0,battery,13493.4,5.0,626832.0,46.5,4.0,45000.0,35.4,0,0.5038,70.2,47.2,0,1,0.0
2022,Cobalt,Australia,0,battery,13128.2,4.5,750648.0,57.2,3.6,54000.0,24.9,0,0.5192,73.9,47.6,0,0,0.0
2023,Cobalt,Australia,0,battery,14887.2,4.51,360485.0,24.2,3.61,39000.0,21.9,0,0.5125,71.32,45.5,0,0,0.0
2024,Cobalt,Australia,0,battery,19856.1,4.92,1138670.0,57.3,3.94,31500.0,18.2,0,0.5104,69.76,42.1,0,0,0.0
2025,Cobalt,Australia,0,battery,19564.5,4.63,251263.0,12.8,3.7,30000.0,24.0,0,0.5212,74.39,46.3,0,0,0.0
2026,Cobalt,Australia,0,battery,21922.4,4.41,473468.0,21.6,3.53,31500.0,23.2,0,0.5199,71.06,33.7,0,0,
2015,Cobalt,Canada,0,battery,6039.2,5.24,115241.0,19.1,4.19,30000.0,16.4,0,0.4862,69.33,45.2,0,0,0.0
2016,Cobalt,Canada,0,battery,6442.3,4.67,338169.0,52.5,3.73,31500.0,25.4,0,0.4958,70.62,42.5,0,0,0.0
2017,Cobalt,Canada,0,battery,8062.3,5.26,165655.0,20.5,4.21,42000.0,23.9,0,0.4919,70.25,40.6,0,0,0.0
2018,Cobalt,Canada,0,battery,9027.9,5.13,259850.0,28.8,4.1,45000.0,24.6,0,0.4639,64.25,31.0,0,0,0.0
2019,Cobalt,Canada,0,battery,8971.2,4.57,471540.0,52.6,3.66,33000.0,26.1,0,0.4958,69.17,39.0,0,0,0.0
2020,Cobalt,Canada,0,battery,11134.7,4.95,580440.0,52.1,3.96,30000.0,19.9,0,0.5066,72.99,45.2,0,0,1.0
2021,Cobalt,Canada,0,battery,12961.4,4.8,115298.0,8.9,3.84,45000.0,19.8,0,0.5038,70.2,48.7,1,1,0.0
2022,Cobalt,Canada,0,battery,13272.9,4.55,500809.0,37.7,3.64,54000.0,13.6,0,0.5192,73.9,44.8,0,0,0.0
2023,Cobalt,Canada,0,battery,15307.9,4.64,349487.0,22.8,3.71,39000.0,22.9,0,0.5125,71.32,35.3,0,0,0.0
2024,Cobalt,Canada,0,battery,19539.3,4.85,281054.0,14.4,3.88,31500.0,13.1,0,0.5104,69.76,49.2,1,0,0.0
2025,Cobalt,Canada,0,battery,20843.5,4.93,590101.0,28.3,3.94,30000.0,18.0,0,0.5212,74.39,47.7,0,0,0.0
2026,Cobalt,Canada,0,battery,21476.3,4.32,1147988.0,53.5,3.45,31500.0,27.0,0,0.5199,71.06,44.7,0,0,
2015,Cobalt,China,0,battery,3605.5,3.13,164054.0,45.5,4.69,30000.0,25.4,0,0.4862,69.33,49.7,1,0,0.0
2016,Cobalt,China,0,battery,4028.4,2.92,167046.0,41.5,4.38,31500.0,22.8,0,0.4958,70.62,48.8,1,0,0.0
2017,Cobalt,China,0,battery,4737.2,3.09,208858.0,44.1,4.63,42000.0,31.4,0,0.4919,70.25,52.7,1,0,0.0
2018,Cobalt,China,0,battery,5070.5,2.88,49062.0,9.7,4.32,45000.0,22.5,0,0.4639,64.25,49.2,1,0,0.0
2019,Cobalt,China,0,battery,5702.3,2.91,218788.0,38.4,4.36,33000.0,23.3,0,0.4958,69.17,42.8,0,0,0.0
2020,Cobalt,China,0,battery,6407.4,2.85,76004.0,11.9,4.28,30000.0,20.2,0,0.5066,72.99,48.5,1,0,1.0
2021,Cobalt,China,0,battery,7498.8,2.78,103542.0,13.8,4.17,45000.0,19.5,0,0.5038,70.2,61.4,1,1,0.0
2022,Cobalt,China,0,battery,8583.6,2.94,148747.0,17.3,4.42,54000.0,24.8,0,0.5192,73.9,46.2,0,0,0.0
2023,Cobalt,China,0,battery,9632.9,2.92,301220.0,31.3,4.38,39000.0,32.0,0,0.5125,71.32,45.5,0,0,0.0
2024,Cobalt,China,0,battery,10569.6,2.62,216827.0,20.5,3.93,31500.0,22.7,0,0.5104,69.76,56.8,1,0,0.0
2025,Cobalt,China,0,battery,11909.6,2.82,195647.0,16.4,4.23,30000.0,19.7,0,0.5212,74.39,47.1,0,0,0.0
2026,Cobalt,China,0,battery,13216.7,2.66,730398.0,55.3,3.99,31500.0,38.0,0,0.5199,71.06,53.7,1,0,
2015,Cobalt,Cuba,0,battery,11144.2,9.67,516029.0,46.3,7.74,30000.0,18.8,0,0.4862,69.33,37.7,0,0,0.0
2016,Cobalt,Cuba,0,battery,13933.4,10.1,174854.0,12.5,8.08,31500.0,20.5,0,0.4958,70.62,45.4,0,0,0.0
2017,Cobalt,Cuba,0,battery,14755.4,9.62,633653.0,42.9,7.7,42000.0,12.1,0,0.4919,70.25,39.9,0,0,0.0
2018,Cobalt,Cuba,0,battery,18317.0,10.41,443715.0,24.2,8.33,45000.0,18.9,0,0.4639,64.25,43.7,0,0,0.0
2019,Cobalt,Cuba,0,battery,19591.5,9.99,598155.0,30.5,7.99,33000.0,14.2,0,0.4958,69.17,41.6,0,0,0.0
2020,Cobalt,Cuba,0,battery,22764.2,10.13,420239.0,18.5,8.1,30000.0,12.9,0,0.5066,72.99,41.4,0,0,1.0
2021,Cobalt,Cuba,0,battery,24339.7,9.02,994291.0,40.9,7.21,45000.0,19.5,0,0.5038,70.2,40.8,0,1,0.0
2022,Cobalt,Cuba,0,battery,28905.6,9.92,1146139.0,39.7,7.93,54000.0,7.8,0,0.5192,73.9,47.0,0,0,0.0
2023,Cobalt,Cuba,0,battery,32140.8,9.73,777881.0,24.2,7.79,39000.0,24.0,0,0.5125,71.32,42.4,0,0,0.0
2024,Cobalt,Cuba,0,battery,36731.3,9.11,957636.0,26.1,7.29,31500.0,18.8,0,0.5104,69.76,40.2,0,0,0.0
2025,Cobalt,Cuba,0,battery,39448.5,9.33,1415254.0,35.9,7.46,30000.0,20.4,0,0.5212,74.39,33.8,0,0,0.0
2026,Cobalt,Cuba,0,battery,46889.0,9.43,1939091.0,41.4,7.54,31500.0,16.6,0,0.5199,71.06,43.1,0,0,
2015,Cobalt,DRC,0,battery,79874.0,69.33,1447616.0,18.1,55.46,30000.0,20.7,0,0.4862,69.33,51.9,1,0,0.0
2016,Cobalt,DRC,0,battery,97447.8,70.62,4810082.0,49.4,56.49,31500.0,18.3,0,0.4958,70.62,52.1,1,0,0.0
2017,Cobalt,DRC,0,battery,107739.4,70.25,5307804.0,49.3,56.2,42000.0,29.3,0,0.4919,70.25,49.3,1,0,0.0
2018,Cobalt,DRC,0,battery,113061.6,64.25,4279827.0,37.9,51.4,45000.0,21.8,0,0.4639,64.25,47.2,0,0,0.0
2019,Cobalt,DRC,0,battery,135635.0,69.17,7413489.0,54.7,55.33,33000.0,26.3,0,0.4958,69.17,46.5,0,0,0.0
2020,Cobalt,DRC,0,battery,164080.8,72.99,7956019.0,48.5,58.4,30000.0,23.7,0,0.5066,72.99,53.1,1,0,1.0
2021,Cobalt,DRC,0,battery,189479.3,70.2,6122423.0,32.3,56.16,45000.0,8.3,0,0.5038,70.2,44.0,0,1,0.0
2022,Cobalt,DRC,0,battery,215390.8,73.9,6988004.0,32.4,59.12,54000.0,25.6,0,0.5192,73.9,52.3,1,0,0.0
2023,Cobalt,DRC,0,battery,235551.2,71.32,8298609.0,35.2,57.06,39000.0,17.8,0,0.5125,71.32,54.8,1,0,0.0
2024,Cobalt,DRC,0,battery,281256.2,69.76,11143672.0,39.6,55.81,31500.0,23.1,0,0.5104,69.76,48.8,1,0,1.0
2025,Cobalt,DRC,0,battery,314517.5,74.39,14636382.0,46.5,59.51,30000.0,34.8,1,0.5212,74.39,61.1,1,1,0.0
2026,Cobalt,DRC,0,battery,353448.4,71.06,11955985.0,33.8,56.85,31500.0,21.8,1,0.5199,71.06,56.9,1,0,
2015,Cobalt,Indonesia,0,battery,4555.5,3.95,194110.0,42.6,3.16,30000.0,13.2,0,0.4862,69.33,37.4,0,0,0.0
2016,Cobalt,Indonesia,0,battery,5298.1,3.84,260641.0,49.2,3.07,31500.0,22.3,0,0.4958,70.62,36.3,0,0,0.0
2017,Cobalt,Indonesia,0,battery,5866.2,3.82,134718.0,23.0,3.06,42000.0,18.4,0,0.4919,70.25,44.2,0,0,0.0
2018,Cobalt,Indonesia,0,battery,6946.5,3.95,310382.0,44.7,3.16,45000.0,24.6,0,0.4639,64.25,34.2,0,0,0.0
2019,Cobalt,Indonesia,0,battery,8128.3,4.15,357808.0,44.0,3.32,33000.0,14.7,0,0.4958,69.17,42.7,0,0,0.0
2020,Cobalt,Indonesia,0,battery,8673.3,3.86,493837.0,56.9,3.09,30000.0,36.4,0,0.5066,72.99,28.4,0,0,1.0
2021,Cobalt,Indonesia,0,battery,10640.2,3.94,167603.0,15.8,3.15,45000.0,26.0,0,0.5038,70.2,42.8,0,1,0.0
2022,Cobalt,Indonesia,0,battery,10497.9,3.6,232485.0,22.1,2.88,54000.0,28.2,0,0.5192,73.9,45.3,0,0,0.0
2023,Cobalt,Indonesia,0,battery,12691.2,3.84,394816.0,31.1,3.07,39000.0,18.1,0,0.5125,71.32,43.0,0,0,0.0
2024,Cobalt,Indonesia,0,battery,14128.7,3.5,277585.0,19.6,2.8,31500.0,13.8,0,0.5104,69.76,40.9,0,0,0.0
2025,Cobalt,Indonesia,0,battery,16647.9,3.94,488368.0,29.3,3.15,30000.0,19.4,0,0.5212,74.39,37.0,0,0,0.0
2026,Cobalt,Indonesia,0,battery,18288.5,3.68,186192.0,10.2,2.94,31500.0,27.7,0,0.5199,71.06,43.4,0,0,
2015,Cobalt,Russia,0,battery,5740.7,4.98,284755.0,49.6,3.99,30000.0,15.3,0,0.4862,69.33,51.5,1,0,0.0
2016,Cobalt,Russia,0,battery,6682.3,4.84,382249.0,57.2,3.87,31500.0,19.4,0,0.4958,70.62,54.2,1,0,0.0
2017,Cobalt,Russia,0,battery,7390.0,4.82,430839.0,58.3,3.85,42000.0,17.4,0,0.4919,70.25,55.6,1,0,0.0
2018,Cobalt,Russia,0,battery,8858.8,5.03,462755.0,52.2,4.03,45000.0,30.4,0,0.4639,64.25,41.9,0,0,0.0
2019,Cobalt,Russia,0,battery,9438.7,4.81,112102.0,11.9,3.85,33000.0,27.3,0,0.4958,69.17,52.8,1,0,0.0
2020,Cobalt,Russia,0,battery,10428.1,4.64,108245.0,10.4,3.71,30000.0,23.5,0,0.5066,72.99,60.2,1,0,1.0
2021,Cobalt,Russia,0,battery,13273.2,4.92,522563.0,39.4,3.93,45000.0,18.9,0,0.5038,70.2,48.7,1,1,0.0
2022,Cobalt,Russia,0,battery,14203.2,4.87,650075.0,45.8,3.9,54000.0,17.7,0,0.5192,73.9,52.3,1,0,0.0
2023,Cobalt,Russia,0,battery,14527.7,4.4,171076.0,11.8,3.52,39000.0,23.9,0,0.5125,71.32,59.7,1,0,0.0
2024,Cobalt,Russia,0,battery,18462.6,4.58,672242.0,36.4,3.66,31500.0,25.2,0,0.5104,69.76,49.0,1,0,0.0
2025,Cobalt,Russia,0,battery,19604.7,4.64,292429.0,14.9,3.71,30000.0,15.6,0,0.5212,74.39,62.5,1,0,0.0
2026,Cobalt,Russia,0,battery,23038.7,4.63,742775.0,32.2,3.71,31500.0,19.8,0,0.5199,71.06,53.9,1,0,
2015,Copper,Australia,0,grid,1029381.7,5.61,14725334.0,14.3,4.49,6178.62,10.4,0,0.1686,31.61,18.3,0,0,0.0
2016,Copper,Australia,0,grid,1191567.2,5.92,10941482.0,9.2,4.74,6174.03,3.7,0,0.17,33.27,18.0,0,0,0.0
2017,Copper,Australia,0,grid,1300797.8,5.76,42038096.0,32.3,4.61,6475.42,6.0,0,0.1754,34.68,9.0,0,0,0.0
2018,Copper,Australia,0,grid,1307896.6,5.71,24009411.0,18.4,4.57,7102.68,7.1,0,0.1789,34.75,16.6,0,0,0.0
2019,Copper,Australia,0,grid,1458562.5,5.91,84143367.0,57.7,4.73,7285.12,0.5,0,0.1653,31.26,8.3,0,0,0.0
2020,Copper,Australia,0,grid,1410863.9,5.47,17781282.0,12.6,4.38,7110.35,11.6,0,0.1753,33.29,19.1,0,0,0.0
2021,Copper,Australia,0,grid,1575336.7,5.4,57320796.0,36.4,4.32,6792.67,7.0,0,0.168,31.5,7.9,0,0,0.0
2022,Copper,Australia,0,grid,1607304.5,5.52,26610144.0,16.6,4.42,7907.18,7.1,0,0.183,36.12,12.3,0,0,0.0
2023,Copper,Australia,0,grid,1723907.2,5.51,56983425.0,33.1,4.41,7966.67,3.6,0,0.1705,32.06,4.9,0,0,0.0
2024,Copper,Australia,0,grid,1945795.4,5.77,83252910.0,42.8,4.62,7367.89,5.8,0,0.1819,36.12,7.7,0,0,0.0
2025,Copper,Australia,0,grid,2131589.5,5.82,17469352.0,8.2,4.65,7351.69,3.1,0,0.1842,36.0,25.6,0,0,0.0
2026,Copper,Australia,0,grid,2285610.8,5.5,85082981.0,37.2,4.4,7610.1,2.4,0,0.1868,36.79,13.1,0,0,
2015,Copper,Chile,0,grid,5802335.0,31.61,105653961.0,18.2,25.29,6178.62,6.2,0,0.1686,31.61,14.6,0,0,0.0
2016,Copper,Chile,0,grid,6696551.9,33.27,164322571.0,24.5,26.62,6174.03,5.4,0,0.17,33.27,15.6,0,0,0.0
2017,Copper,Chile,0,grid,7824470.4,34.68,319362190.0,40.8,27.74,6475.42,3.0,0,0.1754,34.68,3.6,0,0,0.0
2018,Copper,Chile,0,grid,7954883.6,34.75,181024483.0,22.8,27.8,7102.68,6.0,0,0.1789,34.75,15.7,0,0,0.0
2019,Copper,Chile,0,grid,7712039.1,31.26,212789530.0,27.6,25.01,7285.12,12.7,0,0.1653,31.26,11.5,0,0,0.0
2020,Copper,Chile,0,grid,8583729.6,33.29,329755759.0,38.4,26.63,7110.35,5.0,0,0.1753,33.29,14.8,0,0,0.0
2021,Copper,Chile,0,grid,9189568.3,31.5,126297363.0,13.7,25.2,6792.67,7.8,0,0.168,31.5,9.5,0,0,0.0
2022,Copper,Chile,0,grid,10511485.5,36.12,624375184.0,59.4,28.9,7907.18,14.3,0,0.183,36.12,11.2,0,0,0.0
2023,Copper,Chile,0,grid,10032251.0,32.06,487147000.0,48.6,25.65,7966.67,5.1,0,0.1705,32.06,4.1,0,0,0.0
2024,Copper,Chile,0,grid,12171942.0,36.12,338372333.0,27.8,28.9,7367.89,8.9,0,0.1819,36.12,22.1,0,0,0.0
2025,Copper,Chile,0,grid,13194186.2,36.0,697170984.0,52.8,28.8,7351.69,5.8,0,0.1842,36.0,8.1,0,0,0.0
2026,Copper,Chile,0,grid,15287402.0,36.79,296195518.0,19.4,29.43,7610.1,7.0,0,0.1868,36.79,17.8,0,0,
2015,Copper,China,0,grid,1786774.0,9.73,86903446.0,48.6,14.6,6178.62,3.0,0,0.1686,31.61,26.5,0,0,0.0
2016,Copper,China,0,grid,2046689.5,10.17,55934557.0,27.3,15.25,6174.03,6.2,0,0.17,33.27,18.3,0,0,0.0
2017,Copper,China,0,grid,2189643.0,9.7,78048906.0,35.6,14.56,6475.42,4.0,0,0.1754,34.68,24.5,0,0,0.0
2018,Copper,China,0,grid,2183871.3,9.54,33878756.0,15.5,14.31,7102.68,5.3,0,0.1789,34.75,16.0,0,0,0.0
2019,Copper,China,0,grid,2366766.1,9.59,109604144.0,46.3,14.39,7285.12,5.6,0,0.1653,31.26,23.9,0,0,0.0
2020,Copper,China,0,grid,2643223.1,10.25,99559619.0,37.7,15.38,7110.35,2.3,0,0.1753,33.29,22.2,0,0,0.0
2021,Copper,China,0,grid,2894241.9,9.92,157662960.0,54.5,14.88,6792.67,6.2,0,0.168,31.5,12.8,0,0,0.0
2022,Copper,China,0,grid,2914127.0,10.01,26830394.0,9.2,15.02,7907.18,7.1,0,0.183,36.12,33.6,0,0,0.0
2023,Copper,China,0,grid,3137988.8,10.03,153720151.0,49.0,15.04,7966.67,6.7,0,0.1705,32.06,14.2,0,0,0.0
2024,Copper,China,0,grid,3255881.9,9.66,113267363.0,34.8,14.49,7367.89,10.8,0,0.1819,36.12,24.5,0,0,0.0
2025,Copper,China,0,grid,3528808.6,9.63,146183516.0,41.4,14.44,7351.69,9.0,0,0.1842,36.0,23.0,0,0,0.0
2026,Copper,China,0,grid,4263263.2,10.26,82674560.0,19.4,15.39,7610.1,7.5,0,0.1868,36.79,23.3,0,0,
2015,Copper,DRC,0,grid,2092337.1,11.4,102990185.0,49.2,9.12,6178.62,9.2,0,0.1686,31.61,25.0,0,0,0.0
2016,Copper,DRC,0,grid,2409852.6,11.97,35766771.0,14.8,9.58,6174.03,1.1,0,0.17,33.27,27.1,0,0,0.0
2017,Copper,DRC,0,grid,2658901.3,11.78,141289705.0,53.1,9.43,6475.42,2.5,0,0.1754,34.68,31.5,0,0,0.0
2018,Copper,DRC,0,grid,2717537.2,11.87,72578665.0,26.7,9.5,7102.68,10.7,0,0.1789,34.75,24.5,0,0,0.0
2019,Copper,DRC,0,grid,2982579.8,12.09,83420595.0,28.0,9.67,7285.12,8.8,0,0.1653,31.26,11.6,0,0,0.0
2020,Copper,DRC,0,grid,2835096.4,11.0,84330340.0,29.7,8.8,7110.35,12.2,0,0.1753,33.29,18.8,0,0,0.0
2021,Copper,DRC,0,grid,3394648.9,11.63,66703378.0,19.6,9.31,6792.67,8.2,0,0.168,31.5,24.7,0,0,0.0
2022,Copper,DRC,0,grid,3231214.2,11.1,31306760.0,9.7,8.88,7907.18,10.3,0,0.183,36.12,29.1,0,0,0.0
2023,Copper,DRC,0,grid,3336570.6,10.66,50818883.0,15.2,8.53,7966.67,8.6,0,0.1705,32.06,15.3,0,0,0.0
2024,Copper,DRC,0,grid,3824967.7,11.35,31561788.0,8.3,9.08,7367.89,1.9,0,0.1819,36.12,30.6,0,0,0.0
2025,Copper,DRC,0,grid,4222823.9,11.52,177917124.0,42.1,9.22,7351.69,5.8,0,0.1842,36.0,23.1,0,0,0.0
2026,Copper,DRC,0,grid,4600868.9,11.07,84328797.0,18.3,8.86,7610.1,9.7,0,0.1868,36.79,24.7,0,0,
2015,Copper,Indonesia,0,grid,1203429.0,6.56,15486449.0,12.9,5.24,6178.62,1.4,0,0.1686,31.61,18.4,0,0,0.0
2016,Copper,Indonesia,0,grid,1341343.2,6.66,21986135.0,16.4,5.33,6174.03,8.0,0,0.17,33.27,2.9,0,0,0.0
2017,Copper,Indonesia,0,grid,1589666.4,7.04,14609549.0,9.2,5.64,6475.42,7.8,0,0.1754,34.68,16.7,0,0,0.0
2018,Copper,Indonesia,0,grid,1477418.7,6.45,39337535.0,26.6,5.16,7102.68,6.6,0,0.1789,34.75,14.3,0,0,0.0
2019,Copper,Indonesia,0,grid,1669753.3,6.77,91525210.0,54.8,5.41,7285.12,6.1,0,0.1653,31.26,15.7,0,0,0.0
2020,Copper,Indonesia,0,grid,1751504.1,6.79,36043560.0,20.6,5.43,7110.35,3.2,0,0.1753,33.29,10.2,0,0,0.0
2021,Copper,Indonesia,0,grid,2061599.3,7.07,75174031.0,36.5,5.65,6792.67,6.6,0,0.168,31.5,22.1,0,0,0.0
2022,Copper,Indonesia,0,grid,1875770.8,6.45,59773572.0,31.9,5.16,7907.18,0.1,0,0.183,36.12,8.3,0,0,0.0
2023,Copper,Indonesia,0,grid,2224987.2,7.11,98740534.0,44.4,5.69,7966.67,3.4,0,0.1705,32.06,9.0,0,0,0.0
2024,Copper,Indonesia,0,grid,2258644.0,6.7,123534808.0,54.7,5.36,7367.89,9.2,0,0.1819,36.12,8.2,0,0,0.0
2025,Copper,Indonesia,0,grid,2440810.8,6.66,23797315.0,9.7,5.33,7351.69,4.8,0,0.1842,36.0,11.9,0,0,0.0
2026,Copper,Indonesia,0,grid,2906298.1,6.99,91492418.0,31.5,5.6,7610.1,4.2,0,0.1868,36.79,18.3,0,0,
2015,Copper,Peru,0,grid,2486858.9,13.55,69702340.0,28.0,10.84,6178.62,4.4,0,0.1686,31.61,13.5,0,0,0.0
2016,Copper,Peru,0,grid,2666544.6,13.25,137720443.0,51.6,10.6,6174.03,2.6,0,0.17,33.27,13.8,0,0,0.0
2017,Copper,Peru,0,grid,2944500.5,13.05,125538300.0,42.6,10.44,6475.42,3.6,0,0.1754,34.68,10.0,0,0,0.0
2018,Copper,Peru,0,grid,3109281.2,13.58,56133933.0,18.1,10.87,7102.68,7.6,0,0.1789,34.75,20.7,0,0,0.0
2019,Copper,Peru,0,grid,3332371.3,13.51,49099294.0,14.7,10.8,7285.12,6.3,0,0.1653,31.26,11.1,0,0,0.0
2020,Copper,Peru,0,grid,3281271.5,12.73,148061914.0,45.1,10.18,7110.35,3.5,0,0.1753,33.29,6.6,0,0,0.0
2021,Copper,Peru,0,grid,3721338.8,12.75,59864257.0,16.1,10.2,6792.67,1.8,0,0.168,31.5,15.6,0,0,0.0
2022,Copper,Peru,0,grid,3968006.2,13.64,164107658.0,41.4,10.91,7907.18,5.0,0,0.183,36.12,24.0,0,0,0.0
2023,Copper,Peru,0,grid,4157636.2,13.29,229413999.0,55.2,10.63,7966.67,5.4,0,0.1705,32.06,9.8,0,0,0.0
2024,Copper,Peru,0,grid,4454058.4,13.22,232865301.0,52.3,10.57,7367.89,-0.6,0,0.1819,36.12,17.2,0,0,0.0
2025,Copper,Peru,0,grid,4636709.6,12.65,108399655.0,23.4,10.12,7351.69,5.6,0,0.1842,36.0,16.4,0,0,0.0
2026,Copper,Peru,0,grid,5384232.1,12.96,177137854.0,32.9,10.37,7610.1,8.7,0,0.1868,36.79,11.8,0,0,
2015,Copper,Russia,0,grid,1039828.1,5.66,53856881.0,51.8,4.53,6178.62,3.6,0,0.1686,31.61,20.3,0,0,0.0
2016,Copper,Russia,0,grid,1221889.1,6.07,48728279.0,39.9,4.86,6174.03,3.4,0,0.17,33.27,24.9,0,0,0.0
2017,Copper,Russia,0,grid,1318263.3,5.84,60903291.0,46.2,4.67,6475.42,4.6,0,0.1754,34.68,20.4,0,0,0.0
2018,Copper,Russia,0,grid,1248598.7,5.45,59091803.0,47.3,4.36,7102.68,6.7,0,0.1789,34.75,18.7,0,0,0.0
2019,Copper,Russia,0,grid,1393355.5,5.65,77009190.0,55.3,4.52,7285.12,7.9,0,0.1653,31.26,15.4,0,0,0.0
2020,Copper,Russia,0,grid,1407717.5,5.46,70158536.0,49.8,4.37,7110.35,0.4,0,0.1753,33.29,25.3,0,0,0.0
2021,Copper,Russia,0,grid,1692503.7,5.8,100854781.0,59.6,4.64,6792.67,9.2,0,0.168,31.5,23.0,0,0,0.0
2022,Copper,Russia,0,grid,1605432.4,5.52,53385825.0,33.3,4.41,7907.18,11.4,0,0.183,36.12,20.5,0,0,0.0
2023,Copper,Russia,0,grid,1776208.2,5.68,25706979.0,14.5,4.54,7966.67,2.0,0,0.1705,32.06,36.6,0,0,0.0
2024,Copper,Russia,0,grid,1980645.9,5.88,67057902.0,33.9,4.7,7367.89,7.5,0,0.1819,36.12,14.2,0,0,0.0
2025,Copper,Russia,0,grid,2139781.4,5.84,30509811.0,14.3,4.67,7351.69,9.3,0,0.1842,36.0,24.4,0,0,0.0
2026,Copper,Russia,0,grid,2316571.4,5.58,77840371.0,33.6,4.46,7610.1,8.0,0,0.1868,36.79,30.5,0,0,
2015,Copper,USA,0,grid,1406884.1,7.66,53457424.0,38.0,6.13,6178.62,7.8,0,0.1686,31.61,14.4,0,0,0.0
2016,Copper,USA,0,grid,1630793.0,8.1,68272036.0,41.9,6.48,6174.03,5.2,0,0.17,33.27,10.0,0,0,0.0
2017,Copper,USA,0,grid,1824939.3,8.09,15082039.0,8.3,6.47,6475.42,4.2,0,0.1754,34.68,25.1,0,0,0.0
2018,Copper,USA,0,grid,1801718.3,7.87,46095287.0,25.6,6.3,7102.68,3.3,0,0.1789,34.75,10.7,0,0,0.0
2019,Copper,USA,0,grid,2037188.9,8.26,48582295.0,23.8,6.61,7285.12,2.8,0,0.1653,31.26,6.1,0,0,0.0
2020,Copper,USA,0,grid,1981492.7,7.68,52128092.0,26.3,6.15,7110.35,4.5,0,0.1753,33.29,11.1,0,0,0.0
2021,Copper,USA,0,grid,2243676.4,7.69,96929629.0,43.2,6.15,6792.67,4.4,0,0.168,31.5,17.6,0,0,0.0
2022,Copper,USA,0,grid,2404360.3,8.26,114914000.0,47.8,6.61,7907.18,4.6,0,0.183,36.12,9.4,0,0,0.0
2023,Copper,USA,0,grid,2299444.5,7.35,37183518.0,16.2,5.88,7966.67,6.3,0,0.1705,32.06,8.0,0,0,0.0
2024,Copper,USA,0,grid,2777181.1,8.24,95905369.0,34.5,6.59,7367.89,9.3,0,0.1819,36.12,13.4,0,0,0.0
2025,Copper,USA,0,grid,2708872.7,7.39,104588873.0,38.6,5.91,7351.69,0.9,0,0.1842,36.0,19.6,0,0,0.0
2026,Copper,USA,0,grid,3144219.0,7.57,130785926.0,41.6,6.05,7610.1,6.2,0,0.1868,36.79,13.8,0,0,
2015,Copper,Zambia,0,grid,1071225.8,5.84,39839685.0,37.2,4.67,6178.62,6.2,0,0.1686,31.61,7.7,0,0,0.0
2016,Copper,Zambia,0,grid,1196496.7,5.94,34418517.0,28.8,4.76,6174.03,1.8,0,0.17,33.27,6.9,0,0,0.0
2017,Copper,Zambia,0,grid,1364702.8,6.05,45414635.0,33.3,4.84,6475.42,7.2,0,0.1754,34.68,8.5,0,0,0.0
2018,Copper,Zambia,0,grid,1309859.0,5.72,43310661.0,33.1,4.58,7102.68,6.2,0,0.1789,34.75,10.8,0,0,0.0
2019,Copper,Zambia,0,grid,1398598.3,5.67,51252951.0,36.6,4.53,7285.12,8.9,0,0.1653,31.26,14.5,0,0,0.0
2020,Copper,Zambia,0,grid,1439986.2,5.58,51696571.0,35.9,4.47,7110.35,4.2,0,0.1753,33.29,14.7,0,0,0.0
2021,Copper,Zambia,0,grid,1619177.5,5.55,52319964.0,32.3,4.44,6792.67,6.0,0,0.168,31.5,3.0,0,0,0.0
2022,Copper,Zambia,0,grid,1671107.6,5.74,37381633.0,22.4,4.59,7907.18,5.5,0,0.183,36.12,19.2,0,0,0.0
2023,Copper,Zambia,0,grid,1798043.4,5.75,64808390.0,36.0,4.6,7966.67,9.9,0,0.1705,32.06,8.3,0,0,0.0
2024,Copper,Zambia,0,grid,1895139.9,5.62,77735193.0,41.0,4.5,7367.89,7.8,0,0.1819,36.12,10.7,0,0,0.0
2025,Copper,Zambia,0,grid,2002879.7,5.46,98579653.0,49.2,4.37,7351.69,5.8,0,0.1842,36.0,14.6,0,0,0.0
2026,Copper,Zambia,0,grid,2218414.9,5.34,125899596.0,56.8,4.27,7610.1,6.6,0,0.1868,36.79,16.2,0,0,
2015,Dysprosium,Australia,1,magnet,53.3,2.83,1072.0,20.1,2.26,300000.0,17.0,0,0.7398,80.99,61.5,1,0,0.0
2016,Dysprosium,Australia,1,magnet,59.5,3.24,807.0,13.6,2.59,270000.0,17.8,0,0.7489,86.06,74.0,1,0,0.0
2017,Dysprosium,Australia,1,magnet,58.5,2.96,583.0,10.0,2.37,330000.0,14.8,0,0.7376,80.51,62.1,1,0,0.0
2018,Dysprosium,Australia,1,magnet,68.1,2.95,841.0,12.3,2.36,360000.0,11.5,0,0.7529,89.43,73.5,1,0,0.0
2019,Dysprosium,Australia,1,magnet,73.7,3.21,1967.0,26.7,2.57,300000.0,6.1,0,0.7356,86.28,60.4,1,0,0.0
2020,Dysprosium,Australia,1,magnet,80.5,3.32,1131.0,14.0,2.66,330000.0,13.1,0,0.7286,86.75,72.6,1,0,1.0
2021,Dysprosium,Australia,1,magnet,90.4,3.5,2114.0,23.4,2.8,570000.0,12.8,0,0.7244,84.42,51.5,1,1,0.0
2022,Dysprosium,Australia,1,magnet,89.4,3.21,4469.0,50.0,2.57,630000.0,6.7,0,0.7387,90.11,62.7,1,0,0.0
2023,Dysprosium,Australia,1,magnet,102.2,3.4,5133.0,50.2,2.72,420000.0,9.2,0,0.7271,87.46,56.1,1,0,0.0
2024,Dysprosium,Australia,1,magnet,109.7,3.38,1408.0,12.8,2.71,360000.0,9.7,0,0.7292,88.5,57.9,1,0,0.0
2025,Dysprosium,Australia,1,magnet,125.8,3.47,3672.0,29.2,2.78,480000.0,10.3,0,0.7269,89.25,46.0,0,0,0.0
2026,Dysprosium,Australia,1,magnet,133.3,3.52,4636.0,34.8,2.82,540000.0,12.4,0,0.6942,80.22,58.5,1,0,
2015,Dysprosium,China,1,magnet,1525.4,80.99,24066.0,15.8,100.0,300000.0,12.2,0,0.7398,80.99,65.7,1,0,0.0
2016,Dysprosium,China,1,magnet,1581.4,86.06,27415.0,17.3,100.0,270000.0,22.6,0,0.7489,86.06,70.4,1,0,0.0
2017,Dysprosium,China,1,magnet,1591.7,80.51,47886.0,30.1,100.0,330000.0,15.6,0,0.7376,80.51,65.1,1,0,0.0
2018,Dysprosium,China,1,magnet,2062.5,89.43,113953.0,55.3,100.0,360000.0,14.6,0,0.7529,89.43,68.5,1,0,0.0
2019,Dysprosium,China,1,magnet,1977.3,86.28,64924.0,32.8,100.0,300000.0,11.0,0,0.7356,86.28,70.0,1,0,0.0
2020,Dysprosium,China,1,magnet,2103.7,86.75,51786.0,24.6,100.0,330000.0,14.8,0,0.7286,86.75,79.4,1,0,1.0
2021,Dysprosium,China,1,magnet,2177.6,84.42,27849.0,12.8,100.0,570000.0,13.9,0,0.7244,84.42,75.8,1,1,0.0
2022,Dysprosium,China,1,magnet,2508.1,90.11,133639.0,53.3,100.0,630000.0,15.8,0,0.7387,90.11,67.1,1,0,0.0
2023,Dysprosium,China,1,magnet,2630.3,87.46,43201.0,16.4,100.0,420000.0,8.9,0,0.7271,87.46,72.9,1,0,0.0
2024,Dysprosium,China,1,magnet,2870.6,88.5,53056.0,18.5,100.0,360000.0,8.4,0,0.7292,88.5,72.9,1,0,1.0
2025,Dysprosium,China,1,magnet,3233.7,89.25,126453.0,39.1,100.0,480000.0,18.6,1,0.7269,89.25,74.9,1,1,0.0
2026,Dysprosium,China,1,magnet,3036.6,80.22,47135.0,15.5,100.0,540000.0,16.1,1,0.6942,80.22,73.3,1,0,
2015,Dysprosium,Myanmar,1,magnet,170.5,9.05,2693.0,15.8,7.24,300000.0,11.2,0,0.7398,80.99,67.1,1,0,0.0
2016,Dysprosium,Myanmar,1,magnet,158.0,8.6,5815.0,36.8,6.88,270000.0,12.4,0,0.7489,86.06,68.5,1,0,0.0
2017,Dysprosium,Myanmar,1,magnet,172.6,8.73,2565.0,14.9,6.98,330000.0,8.0,0,0.7376,80.51,77.3,1,0,0.0
2018,Dysprosium,Myanmar,1,magnet,213.7,9.27,6501.0,30.4,7.41,360000.0,16.1,0,0.7529,89.43,68.1,1,0,0.0
2019,Dysprosium,Myanmar,1,magnet,225.6,9.84,11605.0,51.4,7.88,300000.0,9.6,0,0.7356,86.28,75.9,1,0,0.0
2020,Dysprosium,Myanmar,1,magnet,247.7,10.21,2102.0,8.5,8.17,330000.0,15.0,0,0.7286,86.75,71.8,1,0,1.0
2021,Dysprosium,Myanmar,1,magnet,252.3,9.78,11694.0,46.3,7.82,570000.0,11.9,0,0.7244,84.42,65.6,1,1,0.0
2022,Dysprosium,Myanmar,1,magnet,283.8,10.2,4511.0,15.9,8.16,630000.0,16.4,0,0.7387,90.11,67.8,1,0,0.0
2023,Dysprosium,Myanmar,1,magnet,311.0,10.34,12450.0,40.0,8.27,420000.0,9.9,0,0.7271,87.46,69.0,1,0,0.0
2024,Dysprosium,Myanmar,1,magnet,330.3,10.18,13706.0,41.5,8.15,360000.0,10.0,0,0.7292,88.5,62.7,1,0,0.0
2025,Dysprosium,Myanmar,1,magnet,377.2,10.41,3289.0,8.7,8.33,480000.0,15.1,0,0.7269,89.25,75.5,1,0,0.0
2026,Dysprosium,Myanmar,1,magnet,429.2,11.34,23824.0,55.5,9.07,540000.0,11.9,0,0.6942,80.22,63.8,1,0,
2015,Dysprosium,Russia,1,magnet,36.9,1.96,2138.0,57.9,1.57,300000.0,11.9,0,0.7398,80.99,63.5,1,0,0.0
2016,Dysprosium,Russia,1,magnet,39.4,2.14,1440.0,36.6,1.71,270000.0,4.7,0,0.7489,86.06,71.1,1,0,0.0
2017,Dysprosium,Russia,1,magnet,43.3,2.19,975.0,22.5,1.75,330000.0,9.9,0,0.7376,80.51,70.9,1,0,0.0
2018,Dysprosium,Russia,1,magnet,47.4,2.05,1085.0,22.9,1.64,360000.0,17.7,0,0.7529,89.43,77.7,1,0,0.0
2019,Dysprosium,Russia,1,magnet,46.2,2.02,1444.0,31.2,1.61,300000.0,12.1,0,0.7356,86.28,62.2,1,0,0.0
2020,Dysprosium,Russia,1,magnet,52.5,2.16,638.0,12.2,1.73,330000.0,8.5,0,0.7286,86.75,75.1,1,0,1.0
2021,Dysprosium,Russia,1,magnet,58.7,2.27,3083.0,52.5,1.82,570000.0,13.1,0,0.7244,84.42,67.3,1,1,0.0
2022,Dysprosium,Russia,1,magnet,58.0,2.09,1832.0,31.6,1.67,630000.0,14.6,0,0.7387,90.11,71.3,1,0,0.0
2023,Dysprosium,Russia,1,magnet,65.8,2.19,1142.0,17.3,1.75,420000.0,1.8,0,0.7271,87.46,69.9,1,0,0.0
2024,Dysprosium,Russia,1,magnet,76.8,2.37,3776.0,49.2,1.89,360000.0,3.5,0,0.7292,88.5,65.5,1,0,0.0
2025,Dysprosium,Russia,1,magnet,86.3,2.38,4466.0,51.8,1.91,480000.0,8.3,0,0.7269,89.25,68.9,1,0,0.0
2026,Dysprosium,Russia,1,magnet,86.8,2.29,1042.0,12.0,1.83,540000.0,17.3,0,0.6942,80.22,71.1,1,0,
2015,Gallium,China,0,semiconductor,437.2,91.13,7777.0,17.8,100.0,291946.68,13.9,0,0.8971,91.13,82.8,1,0,0.0
2016,Gallium,China,0,semiconductor,445.6,88.38,4560.0,10.2,100.0,289721.12,6.8,0,0.8989,88.38,80.7,1,0,0.0
2017,Gallium,China,0,semiconductor,473.0,90.65,10425.0,22.0,100.0,287840.73,5.3,0,0.9025,90.65,74.1,1,0,0.0
2018,Gallium,China,0,semiconductor,534.8,99.49,17394.0,32.5,100.0,359039.16,14.2,0,0.9059,99.49,71.7,1,0,0.0
2019,Gallium,China,0,semiconductor,547.3,97.32,31521.0,57.6,100.0,325572.98,14.3,0,0.9078,97.32,79.8,1,0,0.0
2020,Gallium,China,0,semiconductor,533.5,91.3,28764.0,53.9,100.0,322041.01,8.6,0,0.8993,91.3,73.2,1,0,0.0
2021,Gallium,China,0,semiconductor,577.3,94.88,10301.0,17.8,100.0,330442.14,3.3,0,0.9013,94.88,87.7,1,0,0.0
2022,Gallium,China,0,semiconductor,636.3,100.11,29426.0,46.2,100.0,395716.17,15.1,0,0.9078,100.11,77.1,1,0,1.0
2023,Gallium,China,0,semiconductor,628.3,99.62,11727.0,18.7,100.0,370286.96,11.4,1,0.9053,99.62,98.4,1,1,0.0
2024,Gallium,China,0,semiconductor,652.1,100.0,18989.0,29.1,100.0,391184.96,14.4,1,0.9101,100.0,96.8,1,0,0.0
2025,Gallium,China,0,semiconductor,637.1,95.67,12909.0,20.3,100.0,426751.97,14.1,1,0.9026,95.67,98.0,1,0,0.0
2026,Gallium,China,0,semiconductor,662.2,89.61,29597.0,44.7,100.0,414497.15,9.3,1,0.8998,89.61,100.0,1,0,
2015,Gallium,Japan,0,semiconductor,10.0,2.08,322.0,32.3,1.66,291946.68,9.2,0,0.8971,91.13,74.6,1,0,0.0
2016,Gallium,Japan,0,semiconductor,10.0,1.99,209.0,20.9,1.59,289721.12,12.7,0,0.8989,88.38,79.5,1,0,0.0
2017,Gallium,Japan,0,semiconductor,9.9,1.9,485.0,48.8,1.52,287840.73,6.9,0,0.9025,90.65,68.1,1,0,0.0
2018,Gallium,Japan,0,semiconductor,11.1,2.07,102.0,9.2,1.66,359039.16,5.2,0,0.9059,99.49,72.4,1,0,0.0
2019,Gallium,Japan,0,semiconductor,10.8,1.92,447.0,41.4,1.54,325572.98,10.5,0,0.9078,97.32,76.2,1,0,0.0
2020,Gallium,Japan,0,semiconductor,12.4,2.13,182.0,14.6,1.7,322041.01,13.2,0,0.8993,91.3,77.6,1,0,0.0
2021,Gallium,Japan,0,semiconductor,12.7,2.08,157.0,12.4,1.67,330442.14,10.0,0,0.9013,94.88,82.4,1,0,0.0
2022,Gallium,Japan,0,semiconductor,13.1,2.07,553.0,42.1,1.65,395716.17,8.4,0,0.9078,100.11,65.4,1,0,0.0
2023,Gallium,Japan,0,semiconductor,13.4,2.13,689.0,51.3,1.7,370286.96,7.8,0,0.9053,99.62,70.0,1,0,0.0
2024,Gallium,Japan,0,semiconductor,13.0,2.0,763.0,58.6,1.6,391184.96,8.3,0,0.9101,100.0,76.0,1,0,0.0
2025,Gallium,Japan,0,semiconductor,13.9,2.09,667.0,47.9,1.67,426751.97,5.8,0,0.9026,95.67,70.5,1,0,0.0
2026,Gallium,Japan,0,semiconductor,15.0,2.03,477.0,31.9,1.62,414497.15,11.8,0,0.8998,89.61,71.0,1,0,
2015,Gallium,Russia,0,semiconductor,10.1,2.11,258.0,25.5,1.69,291946.68,20.4,0,0.8971,91.13,75.0,1,0,0.0
2016,Gallium,Russia,0,semiconductor,9.4,1.86,244.0,26.0,1.49,289721.12,9.3,0,0.8989,88.38,81.6,1,0,0.0
2017,Gallium,Russia,0,semiconductor,10.3,1.97,476.0,46.3,1.58,287840.73,2.6,0,0.9025,90.65,76.4,1,0,0.0
2018,Gallium,Russia,0,semiconductor,11.0,2.05,101.0,9.1,1.64,359039.16,5.8,0,0.9059,99.49,89.2,1,0,0.0
2019,Gallium,Russia,0,semiconductor,11.0,1.95,164.0,14.9,1.56,325572.98,11.3,0,0.9078,97.32,92.7,1,0,0.0
2020,Gallium,Russia,0,semiconductor,11.0,1.88,245.0,22.2,1.51,322041.01,6.6,0,0.8993,91.3,83.1,1,0,0.0
2021,Gallium,Russia,0,semiconductor,12.4,2.04,231.0,18.6,1.63,330442.14,9.4,0,0.9013,94.88,74.2,1,0,0.0
2022,Gallium,Russia,0,semiconductor,12.4,1.95,214.0,17.2,1.56,395716.17,4.7,0,0.9078,100.11,81.0,1,0,0.0
2023,Gallium,Russia,0,semiconductor,12.3,1.95,267.0,21.7,1.56,370286.96,7.6,0,0.9053,99.62,87.5,1,0,0.0
2024,Gallium,Russia,0,semiconductor,12.1,1.86,489.0,40.2,1.49,391184.96,14.5,0,0.9101,100.0,75.3,1,0,0.0
2025,Gallium,Russia,0,semiconductor,13.3,2.0,576.0,43.3,1.6,426751.97,12.5,0,0.9026,95.67,86.4,1,0,0.0
2026,Gallium,Russia,0,semiconductor,14.2,1.92,388.0,27.4,1.54,414497.15,6.8,0,0.8998,89.61,75.9,1,0,
2015,Gallium,SouthKorea,0,semiconductor,4.6,0.95,120.0,26.3,0.76,291946.68,13.0,0,0.8971,91.13,72.8,1,0,0.0
2016,Gallium,SouthKorea,0,semiconductor,5.3,1.04,109.0,20.6,0.83,289721.12,12.4,0,0.8989,88.38,70.6,1,0,0.0
2017,Gallium,SouthKorea,0,semiconductor,4.9,0.95,267.0,54.1,0.76,287840.73,13.4,0,0.9025,90.65,69.7,1,0,0.0
2018,Gallium,SouthKorea,0,semiconductor,5.2,0.97,69.0,13.2,0.78,359039.16,14.6,0,0.9059,99.49,80.9,1,0,0.0
2019,Gallium,SouthKorea,0,semiconductor,5.6,1.0,272.0,48.5,0.8,325572.98,8.2,0,0.9078,97.32,68.4,1,0,0.0
2020,Gallium,SouthKorea,0,semiconductor,5.9,1.02,73.0,12.3,0.81,322041.01,9.2,0,0.8993,91.3,69.6,1,0,0.0
2021,Gallium,SouthKorea,0,semiconductor,6.0,0.99,354.0,59.0,0.79,330442.14,9.0,0,0.9013,94.88,64.5,1,0,0.0
2022,Gallium,SouthKorea,0,semiconductor,6.3,0.99,246.0,38.9,0.79,395716.17,8.3,0,0.9078,100.11,63.1,1,0,0.0
2023,Gallium,SouthKorea,0,semiconductor,6.6,1.05,303.0,45.9,0.84,370286.96,7.2,0,0.9053,99.62,66.6,1,0,0.0
2024,Gallium,SouthKorea,0,semiconductor,6.6,1.01,114.0,17.3,0.81,391184.96,7.7,0,0.9101,100.0,68.1,1,0,0.0
2025,Gallium,SouthKorea,0,semiconductor,6.6,0.99,185.0,27.9,0.79,426751.97,8.6,0,0.9026,95.67,78.5,1,0,0.0
2026,Gallium,SouthKorea,0,semiconductor,7.1,0.96,266.0,37.7,0.77,414497.15,5.5,0,0.8998,89.61,69.1,1,0,
2015,Germanium,Belgium,0,semiconductor,6.4,4.92,324.0,50.8,3.94,1431121.3,11.8,0,0.6486,81.05,47.9,0,0,0.0
2016,Germanium,Belgium,0,semiconductor,7.1,5.31,195.0,27.5,4.24,1306428.52,6.7,0,0.6472,79.33,51.9,1,0,0.0
2017,Germanium,Belgium,0,semiconductor,7.1,5.22,172.0,24.4,4.18,1362789.44,9.4,0,0.635,78.25,51.2,1,0,0.0
2018,Germanium,Belgium,0,semiconductor,7.9,5.16,235.0,29.8,4.12,1424924.54,-2.0,0,0.6437,77.43,56.9,1,0,0.0
2019,Germanium,Belgium,0,semiconductor,7.6,5.09,251.0,33.2,4.07,1555307.52,8.1,0,0.6485,79.88,50.2,1,0,0.0
2020,Germanium,Belgium,0,semiconductor,8.6,5.32,99.0,11.5,4.25,1702524.33,6.5,0,0.6565,82.23,53.3,1,0,0.0
2021,Germanium,Belgium,0,semiconductor,8.2,4.87,275.0,33.6,3.89,1580115.51,7.7,0,0.6469,77.9,43.6,0,0,0.0
2022,Germanium,Belgium,0,semiconductor,9.0,5.28,296.0,32.8,4.22,1534453.76,3.0,0,0.6418,78.14,53.1,1,0,0.0
2023,Germanium,Belgium,0,semiconductor,8.3,4.84,209.0,25.1,3.87,1764407.78,11.1,0,0.6576,82.09,50.8,1,0,0.0
2024,Germanium,Belgium,0,semiconductor,8.7,4.71,122.0,14.0,3.76,1639646.21,12.0,0,0.6585,82.47,58.1,1,0,0.0
2025,Germanium,Belgium,0,semiconductor,9.3,4.98,315.0,33.7,3.99,1771881.92,15.5,0,0.6531,79.29,50.8,1,0,0.0
2026,Germanium,Belgium,0,semiconductor,10.4,5.2,426.0,40.9,4.16,1958976.78,6.8,0,0.6614,84.33,52.2,1,0,
2015,Germanium,Canada,0,semiconductor,5.5,4.23,212.0,38.6,3.39,1431121.3,11.4,0,0.6486,81.05,50.3,1,0,0.0
2016,Germanium,Canada,0,semiconductor,5.3,3.94,247.0,46.9,3.15,1306428.52,9.7,0,0.6472,79.33,43.4,0,0,0.0
2017,Germanium,Canada,0,semiconductor,5.8,4.26,338.0,58.7,3.41,1362789.44,2.5,0,0.635,78.25,55.5,1,0,0.0
2018,Germanium,Canada,0,semiconductor,5.9,3.86,180.0,30.4,3.09,1424924.54,4.1,0,0.6437,77.43,47.4,0,0,0.0
2019,Germanium,Canada,0,semiconductor,6.2,4.14,124.0,20.1,3.32,1555307.52,11.0,0,0.6485,79.88,52.9,1,0,0.0
2020,Germanium,Canada,0,semiconductor,6.4,3.92,169.0,26.6,3.14,1702524.33,16.8,0,0.6565,82.23,54.8,1,0,0.0
2021,Germanium,Canada,0,semiconductor,6.4,3.83,369.0,57.3,3.07,1580115.51,11.8,0,0.6469,77.9,40.5,0,0,0.0
2022,Germanium,Canada,0,semiconductor,6.8,3.99,332.0,48.7,3.19,1534453.76,9.8,0,0.6418,78.14,52.7,1,0,0.0
2023,Germanium,Canada,0,semiconductor,6.4,3.74,129.0,20.0,2.99,1764407.78,6.2,0,0.6576,82.09,50.1,1,0,0.0
2024,Germanium,Canada,0,semiconductor,6.9,3.73,208.0,30.0,2.98,1639646.21,7.7,0,0.6585,82.47,57.1,1,0,0.0
2025,Germanium,Canada,0,semiconductor,7.0,3.74,97.0,13.8,2.99,1771881.92,11.0,0,0.6531,79.29,54.9,1,0,0.0
2026,Germanium,Canada,0,semiconductor,7.7,3.84,380.0,49.4,3.07,1958976.78,8.7,0,0.6614,84.33,52.6,1,0,
2015,Germanium,China,0,semiconductor,105.3,81.05,4222.0,40.1,100.0,1431121.3,4.7,0,0.6486,81.05,58.2,1,0,0.0
2016,Germanium,China,0,semiconductor,106.0,79.33,3810.0,35.9,100.0,1306428.52,7.7,0,0.6472,79.33,62.1,1,0,0.0
2017,Germanium,China,0,semiconductor,105.8,78.25,3341.0,31.6,100.0,1362789.44,11.4,0,0.635,78.25,60.6,1,0,0.0
2018,Germanium,China,0,semiconductor,118.6,77.43,4220.0,35.6,100.0,1424924.54,11.9,0,0.6437,77.43,57.0,1,0,0.0
2019,Germanium,China,0,semiconductor,118.6,79.88,5707.0,48.1,100.0,1555307.52,6.0,0,0.6485,79.88,58.5,1,0,0.0
2020,Germanium,China,0,semiconductor,133.2,82.23,1553.0,11.7,100.0,1702524.33,5.4,0,0.6565,82.23,69.8,1,0,0.0
2021,Germanium,China,0,semiconductor,130.9,77.9,5574.0,42.6,100.0,1580115.51,8.9,0,0.6469,77.9,59.5,1,0,0.0
2022,Germanium,China,0,semiconductor,133.7,78.14,7822.0,58.5,100.0,1534453.76,17.9,0,0.6418,78.14,66.9,1,0,1.0
2023,Germanium,China,0,semiconductor,141.0,82.09,1760.0,12.5,100.0,1764407.78,6.4,1,0.6576,82.09,86.1,1,1,0.0
2024,Germanium,China,0,semiconductor,153.1,82.47,1263.0,8.2,100.0,1639646.21,0.7,1,0.6585,82.47,88.3,1,0,0.0
2025,Germanium,China,0,semiconductor,148.3,79.29,8635.0,58.2,100.0,1771881.92,6.1,1,0.6531,79.29,79.2,1,0,0.0
2026,Germanium,China,0,semiconductor,169.0,84.33,2669.0,15.8,100.0,1958976.78,12.2,1,0.6614,84.33,79.1,1,0,
2015,Germanium,Russia,0,semiconductor,6.8,5.27,369.0,53.8,4.22,1431121.3,7.3,0,0.6486,81.05,60.2,1,0,0.0
2016,Germanium,Russia,0,semiconductor,6.8,5.07,393.0,58.0,4.06,1306428.52,18.6,0,0.6472,79.33,58.0,1,0,0.0
2017,Germanium,Russia,0,semiconductor,7.0,5.16,206.0,29.6,4.13,1362789.44,6.2,0,0.635,78.25,50.3,1,0,0.0
2018,Germanium,Russia,0,semiconductor,7.5,4.91,209.0,27.9,3.93,1424924.54,11.0,0,0.6437,77.43,61.4,1,0,0.0
2019,Germanium,Russia,0,semiconductor,7.2,4.87,381.0,52.7,3.89,1555307.52,9.3,0,0.6485,79.88,61.2,1,0,0.0
2020,Germanium,Russia,0,semiconductor,7.9,4.87,132.0,16.7,3.9,1702524.33,14.0,0,0.6565,82.23,51.0,1,0,0.0
2021,Germanium,Russia,0,semiconductor,8.1,4.79,322.0,40.0,3.83,1580115.51,3.0,0,0.6469,77.9,59.6,1,0,0.0
2022,Germanium,Russia,0,semiconductor,8.7,5.06,489.0,56.5,4.05,1534453.76,11.4,0,0.6418,78.14,61.9,1,0,0.0
2023,Germanium,Russia,0,semiconductor,8.4,4.91,313.0,37.1,3.92,1764407.78,12.9,0,0.6576,82.09,59.9,1,0,0.0
2024,Germanium,Russia,0,semiconductor,9.9,5.31,151.0,15.3,4.25,1639646.21,8.1,0,0.6585,82.47,59.9,1,0,0.0
2025,Germanium,Russia,0,semiconductor,8.9,4.74,486.0,54.8,3.79,1771881.92,4.3,0,0.6531,79.29,67.2,1,0,0.0
2026,Germanium,Russia,0,semiconductor,10.1,5.03,162.0,16.1,4.03,1958976.78,8.6,0,0.6614,84.33,76.0,1,0,
2015,Germanium,USA,0,semiconductor,7.7,5.97,119.0,15.3,4.77,1431121.3,7.8,0,0.6486,81.05,50.4,1,0,0.0
2016,Germanium,USA,0,semiconductor,7.7,5.76,461.0,59.8,4.61,1306428.52,9.0,0,0.6472,79.33,55.8,1,0,0.0
2017,Germanium,USA,0,semiconductor,8.4,6.19,305.0,36.5,4.96,1362789.44,8.3,0,0.635,78.25,50.6,1,0,0.0
2018,Germanium,USA,0,semiconductor,9.1,5.96,440.0,48.2,4.77,1424924.54,5.5,0,0.6437,77.43,52.5,1,0,0.0
2019,Germanium,USA,0,semiconductor,8.9,6.01,86.0,9.7,4.8,1555307.52,13.4,0,0.6485,79.88,64.4,1,0,0.0
2020,Germanium,USA,0,semiconductor,9.6,5.91,454.0,47.4,4.73,1702524.33,13.6,0,0.6565,82.23,48.7,1,0,0.0
2021,Germanium,USA,0,semiconductor,10.5,6.26,93.0,8.9,5.01,1580115.51,12.8,0,0.6469,77.9,49.0,1,0,0.0
2022,Germanium,USA,0,semiconductor,10.1,5.9,339.0,33.6,4.72,1534453.76,17.3,0,0.6418,78.14,50.8,1,0,0.0
2023,Germanium,USA,0,semiconductor,11.0,6.42,473.0,42.9,5.13,1764407.78,10.1,0,0.6576,82.09,48.3,1,0,0.0
2024,Germanium,USA,0,semiconductor,11.5,6.17,535.0,46.7,4.94,1639646.21,7.3,0,0.6585,82.47,46.6,0,0,0.0
2025,Germanium,USA,0,semiconductor,11.5,6.13,466.0,40.7,4.9,1771881.92,13.3,0,0.6531,79.29,52.4,1,0,0.0
2026,Germanium,USA,0,semiconductor,12.1,6.05,294.0,24.3,4.84,1958976.78,9.0,0,0.6614,84.33,62.1,1,0,
2015,Graphite,Brazil,0,battery,89040.6,7.55,932846.0,10.5,6.04,1100.0,19.9,0,0.4543,63.32,40.9,0,0,0.0
2016,Graphite,Brazil,0,battery,109873.5,7.9,6099701.0,55.5,6.32,1155.0,24.3,0,0.456,66.3,31.4,0,0,0.0
2017,Graphite,Brazil,0,battery,130811.7,8.16,4737869.0,36.2,6.53,1540.0,16.2,0,0.4585,66.57,36.1,0,0,0.0
2018,Graphite,Brazil,0,battery,152226.3,8.61,8352336.0,54.9,6.89,1650.0,23.2,0,0.4384,62.71,37.1,0,0,0.0
2019,Graphite,Brazil,0,battery,161144.4,8.04,7312271.0,45.4,6.43,1210.0,24.9,0,0.4581,65.52,44.2,0,0,0.0
2020,Graphite,Brazil,0,battery,189905.1,8.27,6920192.0,36.4,6.61,1100.0,22.4,0,0.4578,68.12,33.6,0,0,1.0
2021,Graphite,Brazil,0,battery,229175.5,8.91,8062874.0,35.2,7.13,1650.0,20.3,0,0.4292,62.8,37.8,0,1,0.0
2022,Graphite,Brazil,0,battery,258730.3,8.9,13869533.0,53.6,7.12,1980.0,19.6,0,0.4333,64.36,31.7,0,0,0.0
2023,Graphite,Brazil,0,battery,310642.1,8.68,9369747.0,30.2,6.95,1430.0,23.0,0,0.4188,59.73,30.9,0,0,0.0
2024,Graphite,Brazil,0,battery,341231.3,8.74,9047520.0,26.5,6.99,1155.0,17.1,0,0.4112,59.06,24.9,0,0,0.0
2025,Graphite,Brazil,0,battery,402051.1,9.25,17532414.0,43.6,7.4,1100.0,25.6,0,0.4026,59.27,32.6,0,0,0.0
2026,Graphite,Brazil,0,battery,435058.8,8.46,4326654.0,9.9,6.77,1155.0,27.7,0,0.4295,63.52,35.3,0,0,
2015,Graphite,China,0,battery,746722.0,63.32,27638426.0,37.0,94.98,1100.0,22.3,0,0.4543,63.32,37.9,0,0,0.0
2016,Graphite,China,0,battery,922517.4,66.3,9963440.0,10.8,99.45,1155.0,11.8,0,0.456,66.3,56.2,1,0,0.0
2017,Graphite,China,0,battery,1067265.9,66.57,54909115.0,51.4,99.85,1540.0,28.2,0,0.4585,66.57,45.4,0,0,0.0
2018,Graphite,China,0,battery,1108928.3,62.71,59442697.0,53.6,94.07,1650.0,20.7,0,0.4384,62.71,44.9,0,0,0.0
2019,Graphite,China,0,battery,1313776.6,65.52,55175068.0,42.0,98.27,1210.0,17.4,0,0.4581,65.52,40.9,0,0,0.0
2020,Graphite,China,0,battery,1564958.0,68.12,71640365.0,45.8,100.0,1100.0,21.0,0,0.4578,68.12,49.8,1,0,1.0
2021,Graphite,China,0,battery,1615113.5,62.8,47496981.0,29.4,94.2,1650.0,27.8,0,0.4292,62.8,37.8,0,1,0.0
2022,Graphite,China,0,battery,1871130.0,64.36,111019669.0,59.3,96.53,1980.0,32.5,0,0.4333,64.36,39.7,0,0,1.0
2023,Graphite,China,0,battery,2136636.5,59.73,59561130.0,27.9,89.59,1430.0,17.6,1,0.4188,59.73,59.6,1,1,0.0
2024,Graphite,China,0,battery,2305468.5,59.06,33562183.0,14.6,88.6,1155.0,21.9,1,0.4112,59.06,57.4,1,0,0.0
2025,Graphite,China,0,battery,2575088.5,59.27,40254348.0,15.6,88.91,1100.0,21.5,1,0.4026,59.27,54.1,1,0,0.0
2026,Graphite,China,0,battery,3265259.4,63.52,123208183.0,37.7,95.28,1155.0,28.1,1,0.4295,63.52,59.3,1,0,
2015,Graphite,India,0,battery,57922.7,4.91,2781715.0,48.0,3.93,1100.0,17.0,0,0.4543,63.32,31.2,0,0,0.0
2016,Graphite,India,0,battery,71539.2,5.14,715600.0,10.0,4.11,1155.0,21.8,0,0.456,66.3,36.9,0,0,0.0
2017,Graphite,India,0,battery,80897.7,5.05,2409893.0,29.8,4.04,1540.0,21.3,0,0.4585,66.57,34.9,0,0,0.0
2018,Graphite,India,0,battery,95248.3,5.39,1921122.0,20.2,4.31,1650.0,28.7,0,0.4384,62.71,30.1,0,0,0.0
2019,Graphite,India,0,battery,102710.4,5.12,1839562.0,17.9,4.1,1210.0,13.8,0,0.4581,65.52,37.3,0,0,0.0
2020,Graphite,India,0,battery,119660.2,5.21,1919670.0,16.0,4.17,1100.0,15.4,0,0.4578,68.12,31.0,0,0,1.0
2021,Graphite,India,0,battery,130953.2,5.09,3726207.0,28.5,4.07,1650.0,21.6,0,0.4292,62.8,36.5,0,1,0.0
2022,Graphite,India,0,battery,159809.6,5.5,5991737.0,37.5,4.4,1980.0,28.8,0,0.4333,64.36,44.7,0,0,0.0
2023,Graphite,India,0,battery,189193.3,5.29,8097009.0,42.8,4.23,1430.0,29.1,0,0.4188,59.73,32.7,0,0,0.0
2024,Graphite,India,0,battery,218618.3,5.6,8480289.0,38.8,4.48,1155.0,20.9,0,0.4112,59.06,39.6,0,0,0.0
2025,Graphite,India,0,battery,236481.3,5.44,11025903.0,46.6,4.35,1100.0,13.9,0,0.4026,59.27,29.3,0,0,0.0
2026,Graphite,India,0,battery,281050.8,5.47,3235320.0,11.5,4.37,1155.0,26.9,0,0.4295,63.52,40.6,0,0,
2015,Graphite,Madagascar,0,battery,73074.6,6.2,2399245.0,32.8,4.96,1100.0,29.7,0,0.4543,63.32,36.7,0,0,0.0
2016,Graphite,Madagascar,0,battery,89547.7,6.44,2426847.0,27.1,5.15,1155.0,28.3,0,0.456,66.3,38.0,0,0,0.0
2017,Graphite,Madagascar,0,battery,95848.3,5.98,1986624.0,20.7,4.78,1540.0,18.5,0,0.4585,66.57,39.7,0,0,0.0
2018,Graphite,Madagascar,0,battery,102545.3,5.8,851033.0,8.3,4.64,1650.0,28.5,0,0.4384,62.71,39.3,0,0,0.0
2019,Graphite,Madagascar,0,battery,121246.5,6.05,2151420.0,17.7,4.84,1210.0,20.1,0,0.4581,65.52,47.6,0,0,0.0
2020,Graphite,Madagascar,0,battery,139619.9,6.08,2429680.0,17.4,4.86,1100.0,26.2,0,0.4578,68.12,37.6,0,0,1.0
2021,Graphite,Madagascar,0,battery,164875.8,6.41,2180654.0,13.2,5.13,1650.0,10.4,0,0.4292,62.8,41.1,0,1,0.0
2022,Graphite,Madagascar,0,battery,177165.7,6.09,9334792.0,52.7,4.87,1980.0,28.1,0,0.4333,64.36,36.0,0,0,0.0
2023,Graphite,Madagascar,0,battery,219731.7,6.14,11156037.0,50.8,4.91,1430.0,32.9,0,0.4188,59.73,31.3,0,0,0.0
2024,Graphite,Madagascar,0,battery,250393.2,6.41,14454614.0,57.7,5.13,1155.0,21.0,0,0.4112,59.06,27.8,0,0,0.0
2025,Graphite,Madagascar,0,battery,286597.6,6.6,5332989.0,18.6,5.28,1100.0,18.8,0,0.4026,59.27,34.2,0,0,0.0
2026,Graphite,Madagascar,0,battery,331074.3,6.44,19293993.0,58.3,5.15,1155.0,33.9,0,0.4295,63.52,31.8,0,0,
2015,Graphite,Mozambique,0,battery,100942.2,8.56,4490216.0,44.5,6.85,1100.0,14.7,0,0.4543,63.32,34.4,0,0,0.0
2016,Graphite,Mozambique,0,battery,129486.0,9.31,5895225.0,45.5,7.44,1155.0,26.3,0,0.456,66.3,33.5,0,0,0.0
2017,Graphite,Mozambique,0,battery,149310.3,9.31,1881346.0,12.6,7.45,1540.0,22.8,0,0.4585,66.57,49.6,1,0,0.0
2018,Graphite,Mozambique,0,battery,154354.3,8.73,5630287.0,36.5,6.98,1650.0,38.0,0,0.4384,62.71,41.0,0,0,0.0
2019,Graphite,Mozambique,0,battery,177849.2,8.87,7510741.0,42.2,7.1,1210.0,15.0,0,0.4581,65.52,42.2,0,0,0.0
2020,Graphite,Mozambique,0,battery,226562.0,9.86,7878254.0,34.8,7.89,1100.0,30.6,0,0.4578,68.12,30.1,0,0,1.0
2021,Graphite,Mozambique,0,battery,236350.7,9.19,12687092.0,53.7,7.35,1650.0,30.1,0,0.4292,62.8,37.4,0,1,0.0
2022,Graphite,Mozambique,0,battery,290871.5,10.0,8628316.0,29.7,8.0,1980.0,16.7,0,0.4333,64.36,35.7,0,0,0.0
2023,Graphite,Mozambique,0,battery,340220.0,9.51,6545685.0,19.2,7.61,1430.0,20.2,0,0.4188,59.73,33.2,0,0,0.0
2024,Graphite,Mozambique,0,battery,371286.6,9.51,4296004.0,11.6,7.61,1155.0,17.4,0,0.4112,59.06,37.7,0,0,0.0
2025,Graphite,Mozambique,0,battery,434458.5,10.0,3761252.0,8.7,8.0,1100.0,20.1,0,0.4026,59.27,39.5,0,0,0.0
2026,Graphite,Mozambique,0,battery,488756.0,9.51,18744240.0,38.4,7.61,1155.0,27.9,0,0.4295,63.52,30.6,0,0,
2015,Graphite,Russia,0,battery,71403.4,6.06,4046697.0,56.7,4.84,1100.0,21.8,0,0.4543,63.32,39.7,0,0,0.0
2016,Graphite,Russia,0,battery,81497.2,5.86,4501176.0,55.2,4.69,1155.0,33.2,0,0.456,66.3,41.5,0,0,0.0
2017,Graphite,Russia,0,battery,95866.3,5.98,5580577.0,58.2,4.78,1540.0,9.3,0,0.4585,66.57,40.1,0,0,0.0
2018,Graphite,Russia,0,battery,114672.1,6.49,3687454.0,32.2,5.19,1650.0,15.7,0,0.4384,62.71,36.5,0,0,0.0
2019,Graphite,Russia,0,battery,117880.8,5.88,6175343.0,52.4,4.7,1210.0,21.3,0,0.4581,65.52,40.7,0,0,0.0
2020,Graphite,Russia,0,battery,137282.7,5.98,6884070.0,50.1,4.78,1100.0,22.5,0,0.4578,68.12,43.4,0,0,1.0
2021,Graphite,Russia,0,battery,173960.5,6.76,9921091.0,57.0,5.41,1650.0,15.6,0,0.4292,62.8,47.5,0,1,0.0
2022,Graphite,Russia,0,battery,181369.8,6.24,3298320.0,18.2,4.99,1980.0,17.4,0,0.4333,64.36,45.5,0,0,0.0
2023,Graphite,Russia,0,battery,229370.5,6.41,12723600.0,55.5,5.13,1430.0,22.3,0,0.4188,59.73,40.8,0,0,0.0
2024,Graphite,Russia,0,battery,250305.3,6.41,8806174.0,35.2,5.13,1155.0,32.0,0,0.4112,59.06,36.0,0,0,0.0
2025,Graphite,Russia,0,battery,296807.4,6.83,10779528.0,36.3,5.47,1100.0,17.2,0,0.4026,59.27,46.6,0,0,0.0
2026,Graphite,Russia,0,battery,351353.4,6.83,14655816.0,41.7,5.47,1155.0,26.8,0,0.4295,63.52,54.7,1,0,
2015,Indium,Canada,0,display,75.7,9.15,1083.0,14.3,7.32,273547.69,5.8,0,0.3937,60.55,36.1,0,0,0.0
2016,Indium,Canada,0,display,70.9,8.76,3107.0,43.8,7.0,232218.19,4.3,0,0.3885,59.7,28.1,0,0,0.0
2017,Indium,Canada,0,display,77.7,8.96,4656.0,59.9,7.17,274675.4,-0.1,0,0.3846,58.59,26.6,0,0,0.0
2018,Indium,Canada,0,display,83.6,9.25,3166.0,37.9,7.4,263448.23,2.7,0,0.3752,56.53,24.9,0,0,0.0
2019,Indium,Canada,0,display,80.6,8.77,1367.0,17.0,7.02,255726.19,6.9,0,0.3904,59.61,30.2,0,0,0.0
2020,Indium,Canada,0,display,86.8,8.7,4243.0,48.9,6.96,293544.41,4.2,0,0.3861,57.69,27.0,0,0,0.0
2021,Indium,Canada,0,display,89.1,8.58,4875.0,54.7,6.86,312007.89,11.5,0,0.3778,57.18,30.4,0,0,0.0
2022,Indium,Canada,0,display,103.2,9.53,4045.0,39.2,7.63,326743.76,8.5,0,0.3762,56.38,29.5,0,0,0.0
2023,Indium,Canada,0,display,94.9,8.47,1355.0,14.3,6.78,318885.0,8.4,0,0.3701,55.37,38.1,0,0,0.0
2024,Indium,Canada,0,display,104.2,8.84,2098.0,20.1,7.07,319228.59,6.9,0,0.3755,55.96,31.2,0,0,0.0
2025,Indium,Canada,0,display,96.4,8.5,3426.0,35.5,6.8,298906.49,14.0,0,0.3997,61.37,25.4,0,0,0.0
2026,Indium,Canada,0,display,117.3,9.5,2486.0,21.2,7.6,317947.99,0.3,0,0.3708,55.14,37.4,0,0,
2015,Indium,China,0,display,501.1,60.55,26584.0,53.0,90.82,273547.69,1.4,0,0.3937,60.55,34.5,0,0,0.0
2016,Indium,China,0,display,483.7,59.7,8553.0,17.7,89.55,232218.19,7.2,0,0.3885,59.7,37.2,0,0,0.0
2017,Indium,China,0,display,508.0,58.59,25660.0,50.5,87.88,274675.4,10.0,0,0.3846,58.59,44.1,0,0,0.0
2018,Indium,China,0,display,510.7,56.53,23525.0,46.1,84.79,263448.23,3.9,0,0.3752,56.53,35.0,0,0,0.0
2019,Indium,China,0,display,547.8,59.61,16555.0,30.2,89.42,255726.19,0.1,0,0.3904,59.61,26.6,0,0,0.0
2020,Indium,China,0,display,575.4,57.69,25804.0,44.8,86.53,293544.41,6.4,0,0.3861,57.69,39.7,0,0,0.0
2021,Indium,China,0,display,593.9,57.18,14927.0,25.1,85.77,312007.89,11.4,0,0.3778,57.18,32.9,0,0,0.0
2022,Indium,China,0,display,610.5,56.38,30833.0,50.5,84.57,326743.76,3.3,0,0.3762,56.38,38.6,0,0,0.0
2023,Indium,China,0,display,620.3,55.37,34186.0,55.1,83.06,318885.0,2.3,0,0.3701,55.37,33.2,0,0,0.0
2024,Indium,China,0,display,659.2,55.96,8418.0,12.8,83.94,319228.59,4.5,0,0.3755,55.96,47.0,0,0,0.0
2025,Indium,China,0,display,696.3,61.37,33310.0,47.8,92.05,298906.49,4.7,0,0.3997,61.37,48.5,1,0,0.0
2026,Indium,China,0,display,680.8,55.14,39438.0,57.9,82.71,317947.99,0.9,0,0.3708,55.14,35.6,0,0,
2015,Indium,France,0,display,69.3,8.37,2550.0,36.8,6.7,273547.69,8.1,0,0.3937,60.55,30.7,0,0,0.0
2016,Indium,France,0,display,61.4,7.58,3425.0,55.7,6.07,232218.19,3.4,0,0.3885,59.7,27.9,0,0,0.0
2017,Indium,France,0,display,69.4,8.0,2661.0,38.3,6.4,274675.4,6.0,0,0.3846,58.59,31.7,0,0,0.0
2018,Indium,France,0,display,71.9,7.96,4047.0,56.3,6.37,263448.23,8.4,0,0.3752,56.53,34.8,0,0,0.0
2019,Indium,France,0,display,68.4,7.44,657.0,9.6,5.95,255726.19,2.5,0,0.3904,59.61,42.8,0,0,0.0
2020,Indium,France,0,display,82.9,8.31,3758.0,45.3,6.65,293544.41,6.6,0,0.3861,57.69,32.6,0,0,0.0
2021,Indium,France,0,display,88.2,8.49,1452.0,16.5,6.79,312007.89,7.1,0,0.3778,57.18,26.1,0,0,0.0
2022,Indium,France,0,display,81.8,7.55,2810.0,34.3,6.04,326743.76,4.7,0,0.3762,56.38,28.7,0,0,0.0
2023,Indium,France,0,display,92.8,8.28,5300.0,57.1,6.63,318885.0,3.9,0,0.3701,55.37,32.8,0,0,0.0
2024,Indium,France,0,display,94.9,8.05,2323.0,24.5,6.44,319228.59,8.0,0,0.3755,55.96,34.1,0,0,0.0
2025,Indium,France,0,display,92.2,8.12,4518.0,49.0,6.5,298906.49,5.6,0,0.3997,61.37,43.2,0,0,0.0
2026,Indium,France,0,display,97.6,7.9,5715.0,58.6,6.32,317947.99,9.9,0,0.3708,55.14,34.8,0,0,
2015,Indium,Japan,0,display,77.4,9.35,4537.0,58.6,7.48,273547.69,5.8,0,0.3937,60.55,29.6,0,0,0.0
2016,Indium,Japan,0,display,85.7,10.58,4783.0,55.8,8.46,232218.19,7.9,0,0.3885,59.7,26.5,0,0,0.0
2017,Indium,Japan,0,display,87.0,10.04,827.0,9.5,8.03,274675.4,7.1,0,0.3846,58.59,38.9,0,0,0.0
2018,Indium,Japan,0,display,95.9,10.62,3753.0,39.1,8.49,263448.23,7.3,0,0.3752,56.53,25.6,0,0,0.0
2019,Indium,Japan,0,display,94.3,10.27,5222.0,55.4,8.21,255726.19,7.0,0,0.3904,59.61,34.4,0,0,0.0
2020,Indium,Japan,0,display,97.8,9.8,4481.0,45.8,7.84,293544.41,2.9,0,0.3861,57.69,28.5,0,0,0.0
2021,Indium,Japan,0,display,110.3,10.62,5303.0,48.1,8.49,312007.89,4.4,0,0.3778,57.18,24.1,0,0,0.0
2022,Indium,Japan,0,display,111.7,10.32,5970.0,53.4,8.25,326743.76,7.1,0,0.3762,56.38,32.4,0,0,0.0
2023,Indium,Japan,0,display,116.6,10.4,4542.0,39.0,8.32,318885.0,3.6,0,0.3701,55.37,32.4,0,0,0.0
2024,Indium,Japan,0,display,122.0,10.36,7158.0,58.7,8.29,319228.59,4.0,0,0.3755,55.96,33.6,0,0,0.0
2025,Indium,Japan,0,display,115.2,10.15,4055.0,35.2,8.12,298906.49,1.9,0,0.3997,61.37,35.6,0,0,0.0
2026,Indium,Japan,0,display,129.2,10.46,1061.0,8.2,8.37,317947.99,6.9,0,0.3708,55.14,32.6,0,0,
2015,Indium,SouthKorea,0,display,124.7,15.06,6562.0,52.6,12.05,273547.69,2.3,0,0.3937,60.55,23.3,0,0,0.0
2016,Indium,SouthKorea,0,display,125.3,15.47,7012.0,56.0,12.38,232218.19,3.2,0,0.3885,59.7,15.2,0,0,0.0
2017,Indium,SouthKorea,0,display,132.1,15.24,3514.0,26.6,12.19,274675.4,5.0,0,0.3846,58.59,32.1,0,0,0.0
2018,Indium,SouthKorea,0,display,131.1,14.52,5748.0,43.8,11.61,263448.23,10.4,0,0.3752,56.53,34.7,0,0,0.0
2019,Indium,SouthKorea,0,display,142.9,15.55,3870.0,27.1,12.44,255726.19,7.9,0,0.3904,59.61,32.9,0,0,0.0
2020,Indium,SouthKorea,0,display,143.6,14.4,3243.0,22.6,11.52,293544.41,7.1,0,0.3861,57.69,25.2,0,0,0.0
2021,Indium,SouthKorea,0,display,152.2,14.66,3792.0,24.9,11.73,312007.89,11.8,0,0.3778,57.18,25.2,0,0,0.0
2022,Indium,SouthKorea,0,display,159.4,14.72,8808.0,55.3,11.78,326743.76,2.6,0,0.3762,56.38,33.2,0,0,0.0
2023,Indium,SouthKorea,0,display,173.1,15.46,3636.0,21.0,12.36,318885.0,9.6,0,0.3701,55.37,29.0,0,0,0.0
2024,Indium,SouthKorea,0,display,172.6,14.65,4444.0,25.8,11.72,319228.59,6.4,0,0.3755,55.96,22.3,0,0,0.0
2025,Indium,SouthKorea,0,display,166.1,14.64,3794.0,22.9,11.71,298906.49,6.9,0,0.3997,61.37,41.9,0,0,0.0
2026,Indium,SouthKorea,0,display,175.6,14.22,3885.0,22.1,11.38,317947.99,3.8,0,0.3708,55.14,22.7,0,0,
2015,Lanthanum,Australia,1,catalyst,5220.9,11.34,276063.0,52.9,9.07,2200.0,6.6,0,0.4608,62.93,37.7,0,0,0.0
2016,Lanthanum,Australia,1,catalyst,6079.0,12.37,278965.0,45.9,9.9,1980.0,2.6,0,0.4498,62.5,33.6,0,0,0.0
2017,Lanthanum,Australia,1,catalyst,6031.6,11.96,252449.0,41.9,9.57,2420.0,1.2,0,0.4511,62.79,38.9,0,0,0.0
2018,Lanthanum,Australia,1,catalyst,6713.3,12.91,91231.0,13.6,10.33,2640.0,9.5,0,0.4571,67.0,45.3,0,0,0.0
2019,Lanthanum,Australia,1,catalyst,7005.9,12.95,358817.0,51.2,10.36,2200.0,3.6,0,0.4454,63.73,32.8,0,0,0.0
2020,Lanthanum,Australia,1,catalyst,6666.7,12.37,299488.0,44.9,9.9,2420.0,7.0,0,0.4616,66.17,38.0,0,0,1.0
2021,Lanthanum,Australia,1,catalyst,6978.5,12.65,185891.0,26.6,10.12,4180.0,8.3,0,0.4579,66.19,38.3,0,1,0.0
2022,Lanthanum,Australia,1,catalyst,7085.7,12.39,204631.0,28.9,9.91,4620.0,4.1,0,0.4428,62.59,35.6,0,0,0.0
2023,Lanthanum,Australia,1,catalyst,8079.9,12.65,467690.0,57.9,10.12,3080.0,5.1,0,0.4454,66.02,27.8,0,0,0.0
2024,Lanthanum,Australia,1,catalyst,8768.4,13.41,364775.0,41.6,10.73,2640.0,11.2,0,0.4307,64.82,42.9,0,0,0.0
2025,Lanthanum,Australia,1,catalyst,9063.5,14.19,475605.0,52.5,11.35,3520.0,3.3,0,0.4253,62.69,27.6,0,0,0.0
2026,Lanthanum,Australia,1,catalyst,9059.6,13.28,263143.0,29.0,10.62,3960.0,8.3,0,0.4203,59.98,36.8,0,0,
2015,Lanthanum,China,1,catalyst,28981.3,62.93,1321693.0,45.6,94.4,2200.0,8.5,0,0.4608,62.93,50.5,1,0,0.0
2016,Lanthanum,China,1,catalyst,30706.5,62.5,937247.0,30.5,93.74,1980.0,3.9,0,0.4498,62.5,39.9,0,0,0.0
2017,Lanthanum,China,1,catalyst,31670.0,62.79,473679.0,15.0,94.18,2420.0,10.2,0,0.4511,62.79,39.7,0,0,0.0
2018,Lanthanum,China,1,catalyst,34836.8,67.0,915624.0,26.3,100.0,2640.0,10.6,0,0.4571,67.0,59.3,1,0,0.0
2019,Lanthanum,China,1,catalyst,34464.6,63.73,1117263.0,32.4,95.59,2200.0,4.9,0,0.4454,63.73,57.0,1,0,0.0
2020,Lanthanum,China,1,catalyst,35656.8,66.17,1551085.0,43.5,99.26,2420.0,1.3,0,0.4616,66.17,45.1,0,0,1.0
2021,Lanthanum,China,1,catalyst,36506.8,66.19,609044.0,16.7,99.28,4180.0,4.9,0,0.4579,66.19,48.7,1,1,0.0
2022,Lanthanum,China,1,catalyst,35792.6,62.59,2009364.0,56.1,93.88,4620.0,7.3,0,0.4428,62.59,37.1,0,0,0.0
2023,Lanthanum,China,1,catalyst,42167.4,66.02,2390685.0,56.7,99.03,3080.0,3.5,0,0.4454,66.02,39.7,0,0,0.0
2024,Lanthanum,China,1,catalyst,42384.2,64.82,2249517.0,53.1,97.23,2640.0,4.5,0,0.4307,64.82,43.8,0,0,0.0
2025,Lanthanum,China,1,catalyst,40037.8,62.69,912525.0,22.8,94.04,3520.0,6.5,0,0.4253,62.69,50.1,1,0,0.0
2026,Lanthanum,China,1,catalyst,40927.8,59.98,365762.0,8.9,89.97,3960.0,8.0,0,0.4203,59.98,45.7,0,0,
2015,Lanthanum,India,1,catalyst,2365.0,5.14,94952.0,40.1,4.11,2200.0,10.3,0,0.4608,62.93,36.1,0,0,0.0
2016,Lanthanum,India,1,catalyst,2381.3,4.85,137622.0,57.8,3.88,1980.0,12.9,0,0.4498,62.5,35.3,0,0,0.0
2017,Lanthanum,India,1,catalyst,2658.8,5.27,102581.0,38.6,4.22,2420.0,5.8,0,0.4511,62.79,34.8,0,0,0.0
2018,Lanthanum,India,1,catalyst,2825.4,5.43,165732.0,58.7,4.35,2640.0,5.8,0,0.4571,67.0,41.7,0,0,0.0
2019,Lanthanum,India,1,catalyst,2691.7,4.98,97022.0,36.0,3.98,2200.0,7.6,0,0.4454,63.73,34.0,0,0,0.0
2020,Lanthanum,India,1,catalyst,2825.7,5.24,120301.0,42.6,4.2,2420.0,3.8,0,0.4616,66.17,36.3,0,0,1.0
2021,Lanthanum,India,1,catalyst,2945.6,5.34,51214.0,17.4,4.27,4180.0,5.0,0,0.4579,66.19,40.1,0,1,0.0
2022,Lanthanum,India,1,catalyst,3012.0,5.27,131996.0,43.8,4.21,4620.0,11.8,0,0.4428,62.59,33.2,0,0,0.0
2023,Lanthanum,India,1,catalyst,3701.5,5.8,213318.0,57.6,4.64,3080.0,8.4,0,0.4454,66.02,42.5,0,0,0.0
2024,Lanthanum,India,1,catalyst,3849.3,5.89,95948.0,24.9,4.71,2640.0,3.3,0,0.4307,64.82,36.3,0,0,0.0
2025,Lanthanum,India,1,catalyst,3474.3,5.44,165490.0,47.6,4.35,3520.0,7.9,0,0.4253,62.69,31.2,0,0,0.0
2026,Lanthanum,India,1,catalyst,3784.6,5.55,57256.0,15.1,4.44,3960.0,9.0,0,0.4203,59.98,33.6,0,0,
2015,Lanthanum,Russia,1,catalyst,1766.2,3.84,48599.0,27.5,3.07,2200.0,4.5,0,0.4608,62.93,35.9,0,0,0.0
2016,Lanthanum,Russia,1,catalyst,1988.4,4.05,109899.0,55.3,3.24,1980.0,7.0,0,0.4498,62.5,47.8,0,0,0.0
2017,Lanthanum,Russia,1,catalyst,2203.4,4.37,86865.0,39.4,3.49,2420.0,9.0,0,0.4511,62.79,44.3,0,0,0.0
2018,Lanthanum,Russia,1,catalyst,2202.3,4.24,90050.0,40.9,3.39,2640.0,6.9,0,0.4571,67.0,49.2,1,0,0.0
2019,Lanthanum,Russia,1,catalyst,2282.9,4.22,59314.0,26.0,3.38,2200.0,5.5,0,0.4454,63.73,49.3,1,0,0.0
2020,Lanthanum,Russia,1,catalyst,2312.0,4.29,91197.0,39.4,3.43,2420.0,3.8,0,0.4616,66.17,40.5,0,0,1.0
2021,Lanthanum,Russia,1,catalyst,2282.9,4.14,74816.0,32.8,3.31,4180.0,4.9,0,0.4579,66.19,45.5,0,1,0.0
2022,Lanthanum,Russia,1,catalyst,2411.4,4.22,107302.0,44.5,3.37,4620.0,7.6,0,0.4428,62.59,40.9,0,0,0.0
2023,Lanthanum,Russia,1,catalyst,2651.5,4.15,117330.0,44.3,3.32,3080.0,6.8,0,0.4454,66.02,46.0,0,0,0.0
2024,Lanthanum,Russia,1,catalyst,3052.7,4.67,157702.0,51.7,3.74,2640.0,7.1,0,0.4307,64.82,45.4,0,0,0.0
2025,Lanthanum,Russia,1,catalyst,3012.0,4.72,27895.0,9.3,3.77,3520.0,10.8,0,0.4253,62.69,46.6,0,0,0.0
2026,Lanthanum,Russia,1,catalyst,3163.9,4.64,187432.0,59.2,3.71,3960.0,7.9,0,0.4203,59.98,41.3,0,0,
2015,Lanthanum,USA,1,catalyst,6208.6,13.48,188272.0,30.3,10.79,2200.0,3.3,0,0.4608,62.93,42.3,0,0,0.0
2016,Lanthanum,USA,1,catalyst,6837.9,13.92,75992.0,11.1,11.13,1980.0,4.6,0,0.4498,62.5,35.4,0,0,0.0
2017,Lanthanum,USA,1,catalyst,6743.4,13.37,129980.0,19.3,10.7,2420.0,2.5,0,0.4511,62.79,31.6,0,0,0.0
2018,Lanthanum,USA,1,catalyst,7243.8,13.93,177220.0,24.5,11.15,2640.0,4.6,0,0.4571,67.0,36.8,0,0,0.0
2019,Lanthanum,USA,1,catalyst,7795.0,14.41,248278.0,31.9,11.53,2200.0,9.4,0,0.4454,63.73,34.9,0,0,0.0
2020,Lanthanum,USA,1,catalyst,7256.2,13.47,110923.0,15.3,10.77,2420.0,5.4,0,0.4616,66.17,38.1,0,0,1.0
2021,Lanthanum,USA,1,catalyst,7630.3,13.83,257305.0,33.7,11.07,4180.0,3.0,0,0.4579,66.19,35.1,0,1,0.0
2022,Lanthanum,USA,1,catalyst,8194.7,14.33,71878.0,8.8,11.46,4620.0,6.4,0,0.4428,62.59,45.2,0,0,0.0
2023,Lanthanum,USA,1,catalyst,9709.5,15.2,374612.0,38.6,12.16,3080.0,7.1,0,0.4454,66.02,34.8,0,0,0.0
2024,Lanthanum,USA,1,catalyst,10065.0,15.39,117599.0,11.7,12.31,2640.0,0.2,0,0.4307,64.82,46.2,0,0,0.0
2025,Lanthanum,USA,1,catalyst,9354.0,14.65,447637.0,47.9,11.72,3520.0,3.5,0,0.4253,62.69,35.1,0,0,0.0
2026,Lanthanum,USA,1,catalyst,9944.2,14.57,588344.0,59.2,11.66,3960.0,10.4,0,0.4203,59.98,29.2,0,0,
2015,Lithium,Argentina,0,battery,4636.2,13.61,273170.0,58.9,10.88,12000.0,24.0,0,0.2963,41.65,19.1,0,0,0.0
2016,Lithium,Argentina,0,battery,5089.0,12.41,110259.0,21.7,9.93,16800.0,17.4,0,0.2901,38.79,26.1,0,0,0.0
2017,Lithium,Argentina,0,battery,5695.5,12.63,122851.0,21.6,10.11,21600.0,17.3,0,0.2988,41.46,30.5,0,0,0.0
2018,Lithium,Argentina,0,battery,6455.7,12.65,185868.0,28.8,10.12,19200.0,19.3,0,0.2966,41.16,19.0,0,0,0.0
2019,Lithium,Argentina,0,battery,7990.6,13.8,266941.0,33.4,11.04,13200.0,36.4,0,0.2917,42.32,27.5,0,0,0.0
2020,Lithium,Argentina,0,battery,8623.9,13.19,197533.0,22.9,10.55,10800.0,16.3,0,0.2926,40.43,19.5,0,0,1.0
2021,Lithium,Argentina,0,battery,10620.3,13.62,354582.0,33.4,10.9,31200.0,27.0,0,0.2934,41.81,23.0,0,1,1.0
2022,Lithium,Argentina,0,battery,11901.4,13.57,321933.0,27.1,10.86,78000.0,15.5,0,0.2842,38.91,21.3,0,1,0.0
2023,Lithium,Argentina,0,battery,13564.9,14.23,175369.0,12.9,11.38,36000.0,22.0,0,0.2841,39.88,30.3,0,0,0.0
2024,Lithium,Argentina,0,battery,16369.9,13.8,663194.0,40.5,11.04,15600.0,28.7,0,0.2827,38.11,14.0,0,0,0.0
2025,Lithium,Argentina,0,battery,18473.1,14.93,960015.0,52.0,11.95,13200.0,14.7,0,0.2799,39.53,27.8,0,0,0.0
2026,Lithium,Argentina,0,battery,19961.0,14.15,692545.0,34.7,11.32,14400.0,13.8,0,0.2861,39.1,17.0,0,0,
2015,Lithium,Australia,0,battery,14193.6,41.65,282911.0,19.9,33.32,12000.0,22.0,0,0.2963,41.65,22.6,0,0,0.0
2016,Lithium,Australia,0,battery,15901.5,38.79,532315.0,33.5,31.03,16800.0,21.8,0,0.2901,38.79,23.0,0,0,0.0
2017,Lithium,Australia,0,battery,18690.3,41.46,481001.0,25.7,33.17,21600.0,22.2,0,0.2988,41.46,17.4,0,0,0.0
2018,Lithium,Australia,0,battery,21007.5,41.16,198641.0,9.5,32.93,19200.0,21.4,0,0.2966,41.16,20.2,0,0,0.0
2019,Lithium,Australia,0,battery,24498.2,42.32,427218.0,17.4,33.85,13200.0,24.4,0,0.2917,42.32,17.5,0,0,0.0
2020,Lithium,Australia,0,battery,26432.3,40.43,594651.0,22.5,32.34,10800.0,27.0,0,0.2926,40.43,22.2,0,0,1.0
2021,Lithium,Australia,0,battery,32606.3,41.81,1727693.0,53.0,33.45,31200.0,29.0,0,0.2934,41.81,28.3,0,1,1.0
2022,Lithium,Australia,0,battery,34123.1,38.91,1901277.0,55.7,31.13,78000.0,11.7,0,0.2842,38.91,20.9,0,1,0.0
2023,Lithium,Australia,0,battery,38025.2,39.88,2218995.0,58.4,31.91,36000.0,30.9,0,0.2841,39.88,21.3,0,0,0.0
2024,Lithium,Australia,0,battery,45196.3,38.11,1558328.0,34.5,30.49,15600.0,20.7,0,0.2827,38.11,15.1,0,0,0.0
2025,Lithium,Australia,0,battery,48900.3,39.53,508453.0,10.4,31.62,13200.0,20.3,0,0.2799,39.53,20.2,0,0,0.0
2026,Lithium,Australia,0,battery,55151.8,39.1,2111855.0,38.3,31.28,14400.0,13.8,0,0.2861,39.1,20.0,0,0,
2015,Lithium,Chile,0,battery,9671.5,28.38,475590.0,49.2,22.71,12000.0,14.5,0,0.2963,41.65,12.3,0,0,0.0
2016,Lithium,Chile,0,battery,12504.9,30.5,333117.0,26.6,24.4,16800.0,22.5,0,0.2901,38.79,16.7,0,0,0.0
2017,Lithium,Chile,0,battery,12937.9,28.7,319461.0,24.7,22.96,21600.0,34.3,0,0.2988,41.46,27.5,0,0,0.0
2018,Lithium,Chile,0,battery,15667.0,30.7,830068.0,53.0,24.56,19200.0,31.0,0,0.2966,41.16,17.3,0,0,0.0
2019,Lithium,Chile,0,battery,18094.7,31.25,889502.0,49.2,25.0,13200.0,16.0,0,0.2917,42.32,26.1,0,0,0.0
2020,Lithium,Chile,0,battery,21262.4,32.52,1259981.0,59.3,26.02,10800.0,25.0,0,0.2926,40.43,27.8,0,0,1.0
2021,Lithium,Chile,0,battery,24338.9,31.21,223895.0,9.2,24.97,31200.0,13.9,0,0.2934,41.81,18.6,0,1,1.0
2022,Lithium,Chile,0,battery,27014.2,30.8,225038.0,8.3,24.64,78000.0,5.1,0,0.2842,38.91,27.0,0,1,0.0
2023,Lithium,Chile,0,battery,28841.8,30.25,1719055.0,59.6,24.2,36000.0,6.1,0,0.2841,39.88,26.6,0,0,0.0
2024,Lithium,Chile,0,battery,36996.4,31.19,386537.0,10.4,24.96,15600.0,20.5,0,0.2827,38.11,23.5,0,0,0.0
2025,Lithium,Chile,0,battery,38945.3,31.48,2102624.0,54.0,25.19,13200.0,18.1,0,0.2799,39.53,24.3,0,0,0.0
2026,Lithium,Chile,0,battery,46508.0,32.97,1779373.0,38.3,26.38,14400.0,18.7,0,0.2861,39.1,17.9,0,0,
2015,Lithium,China,0,battery,3528.5,10.35,194356.0,55.1,15.53,12000.0,28.5,0,0.2963,41.65,32.8,0,0,0.0
2016,Lithium,China,0,battery,4491.8,10.96,95525.0,21.3,16.44,16800.0,7.5,0,0.2901,38.79,31.4,0,0,0.0
2017,Lithium,China,0,battery,4792.0,10.63,80401.0,16.8,15.94,21600.0,26.4,0,0.2988,41.46,31.3,0,0,0.0
2018,Lithium,China,0,battery,5501.4,10.78,194074.0,35.3,16.17,19200.0,27.0,0,0.2966,41.16,35.6,0,0,0.0
2019,Lithium,China,0,battery,6668.5,11.52,158182.0,23.7,17.28,13200.0,16.1,0,0.2917,42.32,30.1,0,0,0.0
2020,Lithium,China,0,battery,7160.5,10.95,419369.0,58.6,16.43,10800.0,20.1,0,0.2926,40.43,34.7,0,0,1.0
2021,Lithium,China,0,battery,8563.7,10.98,350405.0,40.9,16.47,31200.0,23.6,0,0.2934,41.81,25.7,0,1,1.0
2022,Lithium,China,0,battery,10694.5,12.19,228542.0,21.4,18.29,78000.0,27.9,0,0.2842,38.91,29.9,0,1,0.0
2023,Lithium,China,0,battery,10979.6,11.52,563518.0,51.3,17.27,36000.0,11.5,0,0.2841,39.88,23.2,0,0,0.0
2024,Lithium,China,0,battery,13919.5,11.74,572327.0,41.1,17.6,15600.0,15.3,0,0.2827,38.11,35.7,0,0,0.0
2025,Lithium,China,0,battery,15052.0,12.17,669786.0,44.5,18.25,13200.0,21.5,0,0.2799,39.53,28.9,0,0,0.0
2026,Lithium,China,0,battery,15826.9,11.22,855077.0,54.0,16.83,14400.0,25.4,0,0.2861,39.1,18.0,0,0,
2015,Lithium,Zimbabwe,0,battery,1388.1,4.07,81308.0,58.6,3.26,12000.0,19.7,0,0.2963,41.65,24.4,0,0,0.0
2016,Lithium,Zimbabwe,0,battery,1762.6,4.3,66631.0,37.8,3.44,16800.0,19.8,0,0.2901,38.79,17.5,0,0,0.0
2017,Lithium,Zimbabwe,0,battery,1759.6,3.9,78622.0,44.7,3.12,21600.0,21.6,0,0.2988,41.46,16.9,0,0,0.0
2018,Lithium,Zimbabwe,0,battery,2088.4,4.09,48358.0,23.2,3.27,19200.0,22.3,0,0.2966,41.16,16.2,0,0,0.0
2019,Lithium,Zimbabwe,0,battery,2525.1,4.36,28127.0,11.1,3.49,13200.0,26.1,0,0.2917,42.32,30.2,0,0,0.0
2020,Lithium,Zimbabwe,0,battery,2766.7,4.23,33963.0,12.3,3.39,10800.0,21.1,0,0.2926,40.43,20.1,0,0,1.0
2021,Lithium,Zimbabwe,0,battery,3339.7,4.28,195713.0,58.6,3.43,31200.0,33.1,0,0.2934,41.81,17.1,0,1,1.0
2022,Lithium,Zimbabwe,0,battery,3502.0,3.99,155367.0,44.4,3.19,78000.0,19.9,0,0.2842,38.91,21.3,0,1,0.0
2023,Lithium,Zimbabwe,0,battery,4252.4,4.46,150209.0,35.3,3.57,36000.0,30.4,0,0.2841,39.88,30.8,0,0,0.0
2024,Lithium,Zimbabwe,0,battery,4946.8,4.17,203378.0,41.1,3.34,15600.0,23.1,0,0.2827,38.11,20.7,0,0,0.0
2025,Lithium,Zimbabwe,0,battery,5511.6,4.46,175053.0,31.8,3.56,13200.0,19.6,0,0.2799,39.53,20.7,0,0,0.0
2026,Lithium,Zimbabwe,0,battery,6032.6,4.28,102031.0,16.9,3.42,14400.0,20.6,0,0.2861,39.1,23.1,0,0,
2015,Manganese,Australia,0,battery,2929343.2,15.85,92873930.0,31.7,12.68,1858.5,14.5,0,0.206,35.55,11.5,0,0,0.0
2016,Manganese,Australia,0,battery,2912984.7,14.72,113851339.0,39.1,11.78,1912.3,16.3,0,0.2039,35.51,14.3,0,0,0.0
2017,Manganese,Australia,0,battery,3871036.3,15.86,206315458.0,53.3,12.68,1952.98,23.8,0,0.1973,31.94,8.9,0,0,0.0
2018,Manganese,Australia,0,battery,4114403.8,15.47,63812325.0,15.5,12.37,1960.87,29.5,0,0.199,34.42,8.5,0,0,0.0
2019,Manganese,Australia,0,battery,4403568.5,14.07,119361039.0,27.1,11.26,1914.29,25.5,0,0.199,32.4,4.1,0,0,0.0
2020,Manganese,Australia,0,battery,4875167.1,14.73,51444845.0,10.6,11.78,2216.47,24.3,0,0.2031,36.27,17.9,0,0,0.0
2021,Manganese,Australia,0,battery,5948256.9,15.48,62571968.0,10.5,12.39,1969.88,21.4,0,0.1981,32.98,12.2,0,0,0.0
2022,Manganese,Australia,0,battery,6909746.9,15.95,334843288.0,48.5,12.76,2244.31,24.7,0,0.2051,35.78,13.6,0,0,0.0
2023,Manganese,Australia,0,battery,8469570.4,15.82,282269745.0,33.3,12.66,2208.16,24.0,0,0.2062,35.66,6.0,0,0,0.0
2024,Manganese,Australia,0,battery,8967498.4,15.75,137867085.0,15.4,12.6,2289.14,22.2,0,0.2026,33.46,5.5,0,0,0.0
2025,Manganese,Australia,0,battery,10145514.5,15.83,119600542.0,11.8,12.66,2501.36,19.1,0,0.2045,35.52,25.3,0,0,0.0
2026,Manganese,Australia,0,battery,10868273.0,14.62,161976901.0,14.9,11.7,2296.73,16.9,0,0.1967,33.06,15.7,0,0,
2015,Manganese,Brazil,0,battery,1145876.4,6.2,13414549.0,11.7,4.96,1858.5,23.1,0,0.206,35.55,20.5,0,0,0.0
2016,Manganese,Brazil,0,battery,1184228.0,5.99,57646226.0,48.7,4.79,1912.3,20.6,0,0.2039,35.51,8.7,0,0,0.0
2017,Manganese,Brazil,0,battery,1441938.4,5.91,51812421.0,35.9,4.72,1952.98,24.6,0,0.1973,31.94,16.9,0,0,0.0
2018,Manganese,Brazil,0,battery,1690181.4,6.35,54777186.0,32.4,5.08,1960.87,20.3,0,0.199,34.42,11.6,0,0,0.0
2019,Manganese,Brazil,0,battery,1753327.8,5.6,59516239.0,33.9,4.48,1914.29,16.1,0,0.199,32.4,15.6,0,0,0.0
2020,Manganese,Brazil,0,battery,2124339.9,6.42,91803658.0,43.2,5.14,2216.47,18.0,0,0.2031,36.27,7.7,0,0,0.0
2021,Manganese,Brazil,0,battery,2332025.3,6.07,115833231.0,49.7,4.86,1969.88,25.4,0,0.1981,32.98,12.0,0,0,0.0
2022,Manganese,Brazil,0,battery,2580899.4,5.96,63935111.0,24.8,4.77,2244.31,32.5,0,0.2051,35.78,15.9,0,0,0.0
2023,Manganese,Brazil,0,battery,3049855.0,5.7,62874557.0,20.6,4.56,2208.16,31.5,0,0.2062,35.66,8.0,0,0,0.0
2024,Manganese,Brazil,0,battery,3182458.1,5.59,96582452.0,30.3,4.47,2289.14,12.2,0,0.2026,33.46,11.9,0,0,0.0
2025,Manganese,Brazil,0,battery,3866001.0,6.03,213625796.0,55.3,4.82,2501.36,21.2,0,0.2045,35.52,19.2,0,0,0.0
2026,Manganese,Brazil,0,battery,4266622.0,5.74,191711324.0,44.9,4.59,2296.73,20.9,0,0.1967,33.06,14.1,0,0,
2015,Manganese,China,0,battery,1904396.8,10.3,26345673.0,13.8,15.45,1858.5,23.8,0,0.206,35.55,28.6,0,0,0.0
2016,Manganese,China,0,battery,2270823.8,11.48,47826469.0,21.1,17.22,1912.3,18.4,0,0.2039,35.51,30.9,0,0,0.0
2017,Manganese,China,0,battery,2654514.8,10.87,156961295.0,59.1,16.31,1952.98,24.3,0,0.1973,31.94,21.4,0,0,0.0
2018,Manganese,China,0,battery,3004662.1,11.3,156786045.0,52.2,16.94,1960.87,28.4,0,0.199,34.42,16.2,0,0,0.0
2019,Manganese,China,0,battery,3536154.9,11.3,119124964.0,33.7,16.95,1914.29,19.6,0,0.199,32.4,14.9,0,0,0.0
2020,Manganese,China,0,battery,3890159.2,11.75,83821458.0,21.5,17.63,2216.47,28.2,0,0.2031,36.27,21.9,0,0,0.0
2021,Manganese,China,0,battery,4004620.5,10.42,74601723.0,18.6,15.64,1969.88,8.4,0,0.1981,32.98,19.2,0,0,0.0
2022,Manganese,China,0,battery,4770731.1,11.01,95465772.0,20.0,16.52,2244.31,26.6,0,0.2051,35.78,23.9,0,0,0.0
2023,Manganese,China,0,battery,5885489.2,10.99,328153422.0,55.8,16.49,2208.16,28.6,0,0.2062,35.66,22.3,0,0,0.0
2024,Manganese,China,0,battery,5977336.5,10.5,147414319.0,24.7,15.75,2289.14,27.6,0,0.2026,33.46,27.0,0,0,0.0
2025,Manganese,China,0,battery,6594639.4,10.29,383078046.0,58.1,15.43,2501.36,18.9,0,0.2045,35.52,19.2,0,0,0.0
2026,Manganese,China,0,battery,8618958.5,11.59,200026922.0,23.2,17.39,2296.73,26.0,0,0.1967,33.06,31.0,0,0,
2015,Manganese,Gabon,0,battery,3637378.2,19.68,207450252.0,57.0,15.74,1858.5,16.6,0,0.206,35.55,9.0,0,0,0.0
2016,Manganese,Gabon,0,battery,3753099.0,18.97,41037485.0,10.9,15.18,1912.3,28.9,0,0.2039,35.51,26.0,0,0,0.0
2017,Manganese,Gabon,0,battery,4623952.1,18.94,277211277.0,60.0,15.15,1952.98,15.7,0,0.1973,31.94,21.2,0,0,0.0
2018,Manganese,Gabon,0,battery,5110170.6,19.21,44745109.0,8.8,15.37,1960.87,16.1,0,0.199,34.42,25.6,0,0,0.0
2019,Manganese,Gabon,0,battery,5533928.1,17.68,117521143.0,21.2,14.15,1914.29,25.3,0,0.199,32.4,14.3,0,0,0.0
2020,Manganese,Gabon,0,battery,6420153.0,19.4,106873611.0,16.6,15.52,2216.47,24.1,0,0.2031,36.27,7.1,0,0,0.0
2021,Manganese,Gabon,0,battery,7012913.5,18.26,60711562.0,8.7,14.6,1969.88,23.8,0,0.1981,32.98,8.6,0,0,0.0
2022,Manganese,Gabon,0,battery,8252947.4,19.05,402460424.0,48.8,15.24,2244.31,18.4,0,0.2051,35.78,7.9,0,0,0.0
2023,Manganese,Gabon,0,battery,10322355.9,19.28,228543256.0,22.1,15.43,2208.16,23.0,0,0.2062,35.66,11.8,0,0,0.0
2024,Manganese,Gabon,0,battery,11417387.6,20.05,455716642.0,39.9,16.04,2289.14,26.3,0,0.2026,33.46,12.5,0,0,0.0
2025,Manganese,Gabon,0,battery,11370799.2,17.74,214476720.0,18.9,14.19,2501.36,11.9,0,0.2045,35.52,10.3,0,0,0.0
2026,Manganese,Gabon,0,battery,14915946.8,20.06,564695996.0,37.9,16.05,2296.73,28.8,0,0.1967,33.06,18.3,0,0,
2015,Manganese,Ghana,0,battery,1295170.6,7.01,54422001.0,42.0,5.61,1858.5,20.5,0,0.206,35.55,13.2,0,0,0.0
2016,Manganese,Ghana,0,battery,1441397.0,7.29,34833934.0,24.2,5.83,1912.3,14.1,0,0.2039,35.51,18.8,0,0,0.0
2017,Manganese,Ghana,0,battery,1614227.1,6.61,84874834.0,52.6,5.29,1952.98,24.1,0,0.1973,31.94,12.6,0,0,0.0
2018,Manganese,Ghana,0,battery,1954325.3,7.35,72613067.0,37.2,5.88,1960.87,16.8,0,0.199,34.42,7.2,0,0,0.0
2019,Manganese,Ghana,0,battery,2294270.9,7.33,19382974.0,8.4,5.86,1914.29,21.0,0,0.199,32.4,21.9,0,0,0.0
2020,Manganese,Ghana,0,battery,2425245.5,7.33,108656435.0,44.8,5.86,2216.47,26.7,0,0.2031,36.27,10.6,0,0,0.0
2021,Manganese,Ghana,0,battery,2634564.3,6.86,118886558.0,45.1,5.49,1969.88,25.0,0,0.1981,32.98,12.3,0,0,0.0
2022,Manganese,Ghana,0,battery,3132274.9,7.23,74437269.0,23.8,5.78,2244.31,26.0,0,0.2051,35.78,10.2,0,0,0.0
2023,Manganese,Ghana,0,battery,3828950.3,7.15,63256986.0,16.5,5.72,2208.16,32.2,0,0.2062,35.66,12.7,0,0,0.0
2024,Manganese,Ghana,0,battery,3838583.3,6.74,47074701.0,12.3,5.39,2289.14,24.4,0,0.2026,33.46,14.0,0,0,0.0
2025,Manganese,Ghana,0,battery,4641596.4,7.24,41676303.0,9.0,5.79,2501.36,22.0,0,0.2045,35.52,8.9,0,0,0.0
2026,Manganese,Ghana,0,battery,5511251.3,7.41,276874983.0,50.2,5.93,2296.73,17.1,0,0.1967,33.06,9.9,0,0,
2015,Manganese,India,0,battery,1421346.3,7.69,56703619.0,39.9,6.15,1858.5,17.6,0,0.206,35.55,20.9,0,0,0.0
2016,Manganese,India,0,battery,1602975.0,8.1,85679290.0,53.5,6.48,1912.3,17.5,0,0.2039,35.51,16.6,0,0,0.0
2017,Manganese,India,0,battery,1861517.7,7.62,78415806.0,42.1,6.1,1952.98,10.7,0,0.1973,31.94,9.1,0,0,0.0
2018,Manganese,India,0,battery,2178012.6,8.19,123705879.0,56.8,6.55,1960.87,24.1,0,0.199,34.42,8.0,0,0,0.0
2019,Manganese,India,0,battery,2351354.0,7.51,126501550.0,53.8,6.01,1914.29,32.8,0,0.199,32.4,16.3,0,0,0.0
2020,Manganese,India,0,battery,2812333.3,8.5,137533330.0,48.9,6.8,2216.47,17.2,0,0.2031,36.27,11.8,0,0,0.0
2021,Manganese,India,0,battery,3280799.5,8.54,78503382.0,23.9,6.83,1969.88,28.3,0,0.1981,32.98,13.8,0,0,0.0
2022,Manganese,India,0,battery,3390803.2,7.83,35562485.0,10.5,6.26,2244.31,22.1,0,0.2051,35.78,24.3,0,0,0.0
2023,Manganese,India,0,battery,4106799.3,7.67,132203644.0,32.2,6.14,2208.16,20.8,0,0.2062,35.66,16.8,0,0,0.0
2024,Manganese,India,0,battery,4337440.8,7.62,229515775.0,52.9,6.09,2289.14,23.4,0,0.2026,33.46,13.0,0,0,0.0
2025,Manganese,India,0,battery,5485955.0,8.56,137418375.0,25.0,6.85,2501.36,19.4,0,0.2045,35.52,15.9,0,0,0.0
2026,Manganese,India,0,battery,6237842.1,8.39,371573719.0,59.6,6.71,2296.73,20.3,0,0.1967,33.06,10.5,0,0,
2015,Manganese,SouthAfrica,0,battery,6571691.4,35.55,353267381.0,53.8,28.44,1858.5,29.4,0,0.206,35.55,15.5,0,0,0.0
2016,Manganese,SouthAfrica,0,battery,7023912.5,35.51,127336877.0,18.1,28.4,1912.3,11.4,0,0.2039,35.51,12.8,0,0,0.0
2017,Manganese,SouthAfrica,0,battery,7798770.2,31.94,381135929.0,48.9,25.55,1952.98,19.1,0,0.1973,31.94,9.2,0,0,0.0
2018,Manganese,SouthAfrica,0,battery,9155229.3,34.42,84597045.0,9.2,27.53,1960.87,11.1,0,0.199,34.42,17.4,0,0,0.0
2019,Manganese,SouthAfrica,0,battery,10140829.9,32.4,296408339.0,29.2,25.92,1914.29,20.2,0,0.199,32.4,13.2,0,0,0.0
2020,Manganese,SouthAfrica,0,battery,12005002.2,36.27,615108365.0,51.2,29.02,2216.47,17.2,0,0.2031,36.27,10.3,0,0,0.0
2021,Manganese,SouthAfrica,0,battery,12670103.6,32.98,272894176.0,21.5,26.39,1969.88,25.3,0,0.1981,32.98,12.4,0,0,0.0
2022,Manganese,SouthAfrica,0,battery,15498111.8,35.78,312918264.0,20.2,28.62,2244.31,33.6,0,0.2051,35.78,9.0,0,0,0.0
2023,Manganese,SouthAfrica,0,battery,19090308.4,35.66,997960071.0,52.3,28.53,2208.16,24.6,0,0.2062,35.66,20.2,0,0,0.0
2024,Manganese,SouthAfrica,0,battery,19050423.7,33.46,397703091.0,20.9,26.77,2289.14,24.0,0,0.2026,33.46,6.1,0,0,0.0
2025,Manganese,SouthAfrica,0,battery,22771396.2,35.52,1228058735.0,53.9,28.42,2501.36,14.5,0,0.2045,35.52,18.0,0,0,0.0
2026,Manganese,SouthAfrica,0,battery,24577711.6,33.06,709740715.0,28.9,26.45,2296.73,17.1,0,0.1967,33.06,10.8,0,0,
2015,Neodymium,Australia,1,magnet,3078.5,9.57,47324.0,15.4,7.66,55000.0,7.5,0,0.5453,73.86,46.7,0,0,0.0
2016,Neodymium,Australia,1,magnet,3229.0,8.88,39518.0,12.2,7.1,49500.0,14.4,0,0.5437,74.17,54.8,1,0,0.0
2017,Neodymium,Australia,1,magnet,3442.9,9.18,114189.0,33.2,7.34,60500.0,8.7,0,0.527,70.3,49.3,1,0,0.0
2018,Neodymium,Australia,1,magnet,3701.4,8.77,125220.0,33.8,7.02,66000.0,8.3,0,0.5411,72.5,44.8,0,0,0.0
2019,Neodymium,Australia,1,magnet,4321.9,9.73,251749.0,58.2,7.79,55000.0,11.5,0,0.5287,72.79,31.9,0,0,0.0
2020,Neodymium,Australia,1,magnet,4333.2,9.0,241314.0,55.7,7.2,60500.0,11.6,0,0.511,65.91,40.2,0,0,1.0
2021,Neodymium,Australia,1,magnet,5035.4,10.16,199622.0,39.6,8.13,104500.0,11.9,0,0.5193,70.49,45.8,0,1,0.0
2022,Neodymium,Australia,1,magnet,5209.5,9.68,158996.0,30.5,7.75,115500.0,9.1,0,0.498,68.61,42.7,0,0,0.0
2023,Neodymium,Australia,1,magnet,6164.5,10.36,296117.0,48.0,8.29,77000.0,8.6,0,0.4831,64.61,37.2,0,0,0.0
2024,Neodymium,Australia,1,magnet,6587.1,10.35,240735.0,36.5,8.28,66000.0,10.4,0,0.5111,73.37,44.5,0,0,0.0
2025,Neodymium,Australia,1,magnet,6855.7,10.32,279045.0,40.7,8.25,88000.0,2.2,0,0.5061,71.6,46.0,0,0,0.0
2026,Neodymium,Australia,1,magnet,7655.2,10.52,395620.0,51.7,8.41,99000.0,17.7,0,0.4791,65.8,33.1,0,0,
2015,Neodymium,China,1,magnet,23758.8,73.86,206637.0,8.7,100.0,55000.0,12.7,0,0.5453,73.86,60.4,1,0,0.0
2016,Neodymium,China,1,magnet,26973.5,74.17,1248636.0,46.3,100.0,49500.0,6.6,0,0.5437,74.17,51.0,1,0,0.0
2017,Neodymium,China,1,magnet,26379.8,70.3,1149280.0,43.6,100.0,60500.0,19.5,0,0.527,70.3,50.6,1,0,0.0
2018,Neodymium,China,1,magnet,30593.7,72.5,501978.0,16.4,100.0,66000.0,3.2,0,0.5411,72.5,55.7,1,0,0.0
2019,Neodymium,China,1,magnet,32317.2,72.79,285442.0,8.8,100.0,55000.0,14.7,0,0.5287,72.79,64.9,1,0,0.0
2020,Neodymium,China,1,magnet,31728.5,65.91,1150336.0,36.3,98.86,60500.0,14.0,0,0.511,65.91,44.9,0,0,1.0
2021,Neodymium,China,1,magnet,34931.7,70.49,295419.0,8.5,100.0,104500.0,7.4,0,0.5193,70.49,51.8,1,1,0.0
2022,Neodymium,China,1,magnet,36912.9,68.61,556231.0,15.1,100.0,115500.0,10.4,0,0.498,68.61,42.3,0,0,0.0
2023,Neodymium,China,1,magnet,38442.8,64.61,539457.0,14.0,96.91,77000.0,14.0,0,0.4831,64.61,55.8,1,0,0.0
2024,Neodymium,China,1,magnet,46688.9,73.37,1476997.0,31.6,100.0,66000.0,10.0,0,0.5111,73.37,50.0,1,0,0.0
2025,Neodymium,China,1,magnet,47577.6,71.6,2097515.0,44.1,100.0,88000.0,10.2,0,0.5061,71.6,53.0,1,0,0.0
2026,Neodymium,China,1,magnet,47890.2,65.8,597835.0,12.5,98.69,99000.0,11.4,0,0.4791,65.8,57.0,1,0,
2015,Neodymium,Myanmar,1,magnet,1634.8,5.08,88876.0,54.4,4.07,55000.0,12.3,0,0.5453,73.86,56.6,1,0,0.0
2016,Neodymium,Myanmar,1,magnet,1806.1,4.97,19796.0,11.0,3.97,49500.0,10.3,0,0.5437,74.17,58.5,1,0,0.0
2017,Neodymium,Myanmar,1,magnet,1858.1,4.95,63123.0,34.0,3.96,60500.0,14.0,0,0.527,70.3,51.3,1,0,0.0
2018,Neodymium,Myanmar,1,magnet,2323.9,5.51,132007.0,56.8,4.41,66000.0,9.4,0,0.5411,72.5,53.6,1,0,0.0
2019,Neodymium,Myanmar,1,magnet,2388.9,5.38,46522.0,19.5,4.3,55000.0,12.4,0,0.5287,72.79,49.7,1,0,0.0
2020,Neodymium,Myanmar,1,magnet,2687.8,5.58,123652.0,46.0,4.47,60500.0,5.3,0,0.511,65.91,48.1,0,0,1.0
2021,Neodymium,Myanmar,1,magnet,2550.6,5.15,22784.0,8.9,4.12,104500.0,9.7,0,0.5193,70.49,55.3,1,1,0.0
2022,Neodymium,Myanmar,1,magnet,3132.9,5.82,119321.0,38.1,4.66,115500.0,20.7,0,0.498,68.61,48.6,1,0,0.0
2023,Neodymium,Myanmar,1,magnet,3412.2,5.73,106254.0,31.1,4.59,77000.0,13.6,0,0.4831,64.61,42.1,0,0,0.0
2024,Neodymium,Myanmar,1,magnet,3478.4,5.47,134555.0,38.7,4.37,66000.0,6.7,0,0.5111,73.37,44.9,0,0,0.0
2025,Neodymium,Myanmar,1,magnet,3632.7,5.47,29842.0,8.2,4.37,88000.0,15.5,0,0.5061,71.6,53.1,1,0,0.0
2026,Neodymium,Myanmar,1,magnet,4368.1,6.0,103827.0,23.8,4.8,99000.0,10.2,0,0.4791,65.8,41.2,0,0,
2015,Neodymium,Russia,1,magnet,1247.7,3.88,13023.0,10.4,3.1,55000.0,-1.9,0,0.5453,73.86,69.5,1,0,0.0
2016,Neodymium,Russia,1,magnet,1444.6,3.97,59836.0,41.4,3.18,49500.0,10.2,0,0.5437,74.17,47.5,0,0,0.0
2017,Neodymium,Russia,1,magnet,1609.1,4.29,69644.0,43.3,3.43,60500.0,13.2,0,0.527,70.3,52.1,1,0,0.0
2018,Neodymium,Russia,1,magnet,1724.9,4.09,20647.0,12.0,3.27,66000.0,14.2,0,0.5411,72.5,63.7,1,0,0.0
2019,Neodymium,Russia,1,magnet,1976.5,4.45,111729.0,56.5,3.56,55000.0,3.8,0,0.5287,72.79,54.6,1,0,0.0
2020,Neodymium,Russia,1,magnet,1998.0,4.15,46896.0,23.5,3.32,60500.0,14.0,0,0.511,65.91,46.4,0,0,1.0
2021,Neodymium,Russia,1,magnet,2114.5,4.27,124256.0,58.8,3.41,104500.0,15.5,0,0.5193,70.49,46.9,0,1,0.0
2022,Neodymium,Russia,1,magnet,2484.7,4.62,105840.0,42.6,3.69,115500.0,14.8,0,0.498,68.61,54.4,1,0,0.0
2023,Neodymium,Russia,1,magnet,2732.2,4.59,114393.0,41.9,3.67,77000.0,13.0,0,0.4831,64.61,55.7,1,0,0.0
2024,Neodymium,Russia,1,magnet,2884.1,4.53,54355.0,18.8,3.63,66000.0,18.0,0,0.5111,73.37,51.2,1,0,0.0
2025,Neodymium,Russia,1,magnet,3187.7,4.8,53876.0,16.9,3.84,88000.0,5.0,0,0.5061,71.6,52.4,1,0,0.0
2026,Neodymium,Russia,1,magnet,3204.1,4.4,67721.0,21.1,3.52,99000.0,13.2,0,0.4791,65.8,49.7,1,0,
2015,Neodymium,USA,1,magnet,3113.0,9.68,80341.0,25.8,7.74,55000.0,12.2,0,0.5453,73.86,41.9,0,0,0.0
2016,Neodymium,USA,1,magnet,3899.4,10.72,168191.0,43.1,8.58,49500.0,9.6,0,0.5437,74.17,42.6,0,0,0.0
2017,Neodymium,USA,1,magnet,3903.1,10.4,45756.0,11.7,8.32,60500.0,8.7,0,0.527,70.3,46.9,0,0,0.0
2018,Neodymium,USA,1,magnet,4100.7,9.72,172500.0,42.1,7.77,66000.0,9.0,0,0.5411,72.5,46.1,0,0,0.0
2019,Neodymium,USA,1,magnet,4455.6,10.04,166340.0,37.3,8.03,55000.0,13.0,0,0.5287,72.79,43.5,0,0,0.0
2020,Neodymium,USA,1,magnet,4787.8,9.95,229900.0,48.0,7.96,60500.0,15.7,0,0.511,65.91,30.4,0,0,1.0
2021,Neodymium,USA,1,magnet,5053.7,10.2,160232.0,31.7,8.16,104500.0,18.2,0,0.5193,70.49,46.7,0,1,0.0
2022,Neodymium,USA,1,magnet,6085.6,11.31,138321.0,22.7,9.05,115500.0,11.9,0,0.498,68.61,38.1,0,0,0.0
2023,Neodymium,USA,1,magnet,6354.1,10.68,155315.0,24.4,8.54,77000.0,12.2,0,0.4831,64.61,41.0,0,0,0.0
2024,Neodymium,USA,1,magnet,7426.8,11.67,82578.0,11.1,9.34,66000.0,9.0,0,0.5111,73.37,43.2,0,0,0.0
2025,Neodymium,USA,1,magnet,7454.3,11.22,74693.0,10.0,8.97,88000.0,13.0,0,0.5061,71.6,52.0,1,0,0.0
2026,Neodymium,USA,1,magnet,8436.6,11.59,502448.0,59.6,9.27,99000.0,13.2,0,0.4791,65.8,36.8,0,0,
2015,Nickel,Australia,0,battery,148211.3,6.7,6328051.0,42.7,5.36,12000.0,22.5,0,0.187,33.36,17.0,0,0,0.0
2016,Nickel,Australia,0,battery,179139.6,6.92,4340279.0,24.2,5.54,12600.0,28.9,0,0.1891,34.94,11.6,0,0,0.0
2017,Nickel,Australia,0,battery,211655.8,6.82,8740752.0,41.3,5.46,16800.0,17.8,0,0.1881,34.14,9.7,0,0,0.0
2018,Nickel,Australia,0,battery,223768.4,6.79,12694875.0,56.7,5.43,18000.0,21.4,0,0.1858,33.58,9.6,0,0,0.0
2019,Nickel,Australia,0,battery,247898.0,6.48,6335011.0,25.6,5.18,13200.0,24.2,0,0.1995,37.3,19.1,0,0,0.0
2020,Nickel,Australia,0,battery,299737.4,7.01,6962929.0,23.2,5.61,12000.0,7.8,0,0.1918,35.47,19.7,0,0,1.0
2021,Nickel,Australia,0,battery,365712.5,6.97,15972551.0,43.7,5.58,18000.0,25.0,0,0.1957,35.48,9.4,0,1,0.0
2022,Nickel,Australia,0,battery,380298.6,6.65,9500345.0,25.0,5.32,21600.0,21.5,0,0.208,38.66,11.3,0,0,0.0
2023,Nickel,Australia,0,battery,411499.8,6.36,12711919.0,30.9,5.09,15600.0,19.2,0,0.2111,39.09,12.1,0,0,0.0
2024,Nickel,Australia,0,battery,498215.2,6.61,29790412.0,59.8,5.29,12600.0,22.8,0,0.2009,37.59,18.0,0,0,0.0
2025,Nickel,Australia,0,battery,572022.0,6.52,31672811.0,55.4,5.22,12000.0,22.5,0,0.1981,36.32,14.7,0,0,0.0
2026,Nickel,Australia,0,battery,631621.0,6.51,9228258.0,14.6,5.21,12600.0,25.5,0,0.1924,35.26,25.3,0,0,
2015,Nickel,Brazil,0,battery,177701.1,8.04,4175062.0,23.5,6.43,12000.0,17.6,0,0.187,33.36,11.7,0,0,0.0
2016,Nickel,Brazil,0,battery,204066.8,7.88,10720267.0,52.5,6.31,12600.0,30.6,0,0.1891,34.94,8.4,0,0,0.0
2017,Nickel,Brazil,0,battery,250001.7,8.06,6925209.0,27.7,6.45,16800.0,16.1,0,0.1881,34.14,10.5,0,0,0.0
2018,Nickel,Brazil,0,battery,244945.9,7.43,13797748.0,56.3,5.95,18000.0,12.9,0,0.1858,33.58,15.8,0,0,0.0
2019,Nickel,Brazil,0,battery,294372.8,7.69,14985825.0,50.9,6.15,13200.0,13.1,0,0.1995,37.3,15.8,0,0,0.0
2020,Nickel,Brazil,0,battery,321558.1,7.53,12139455.0,37.8,6.02,12000.0,17.4,0,0.1918,35.47,14.5,0,0,1.0
2021,Nickel,Brazil,0,battery,425301.1,8.11,20201789.0,47.5,6.49,18000.0,16.1,0,0.1957,35.48,20.3,0,1,0.0
2022,Nickel,Brazil,0,battery,459896.9,8.04,22984601.0,50.0,6.43,21600.0,28.7,0,0.208,38.66,24.4,0,0,0.0
2023,Nickel,Brazil,0,battery,506062.4,7.83,25370005.0,50.1,6.26,15600.0,11.2,0,0.2111,39.09,13.8,0,0,0.0
2024,Nickel,Brazil,0,battery,616116.1,8.18,35984964.0,58.4,6.54,12600.0,20.0,0,0.2009,37.59,13.5,0,0,0.0
2025,Nickel,Brazil,0,battery,683330.1,7.79,30220782.0,44.2,6.23,12000.0,18.7,0,0.1981,36.32,13.8,0,0,0.0
2026,Nickel,Brazil,0,battery,794169.9,8.18,23536715.0,29.6,6.55,12600.0,13.2,0,0.1924,35.26,17.3,0,0,
2015,Nickel,Canada,0,battery,177125.0,8.01,8123426.0,45.9,6.41,12000.0,18.4,0,0.187,33.36,18.7,0,0,0.0
2016,Nickel,Canada,0,battery,207765.1,8.03,11921806.0,57.4,6.42,12600.0,15.8,0,0.1891,34.94,10.4,0,0,0.0
2017,Nickel,Canada,0,battery,234254.1,7.55,13700420.0,58.5,6.04,16800.0,10.0,0,0.1881,34.14,23.6,0,0,0.0
2018,Nickel,Canada,0,battery,253826.5,7.7,3440480.0,13.6,6.16,18000.0,36.4,0,0.1858,33.58,18.0,0,0,0.0
2019,Nickel,Canada,0,battery,284374.3,7.43,2597896.0,9.1,5.94,13200.0,25.2,0,0.1995,37.3,12.1,0,0,0.0
2020,Nickel,Canada,0,battery,334297.8,7.82,5307643.0,15.9,6.26,12000.0,39.3,0,0.1918,35.47,17.3,0,0,1.0
2021,Nickel,Canada,0,battery,406210.2,7.74,12764046.0,31.4,6.19,18000.0,24.9,0,0.1957,35.48,18.6,0,1,0.0
2022,Nickel,Canada,0,battery,428070.1,7.48,19166918.0,44.8,5.99,21600.0,28.7,0,0.208,38.66,9.7,0,0,0.0
2023,Nickel,Canada,0,battery,494007.9,7.64,22287263.0,45.1,6.11,15600.0,21.0,0,0.2111,39.09,15.0,0,0,0.0
2024,Nickel,Canada,0,battery,589060.9,7.82,29809104.0,50.6,6.25,12600.0,22.5,0,0.2009,37.59,16.8,0,0,0.0
2025,Nickel,Canada,0,battery,657670.1,7.5,13139851.0,20.0,6.0,12000.0,23.3,0,0.1981,36.32,18.6,0,0,0.0
2026,Nickel,Canada,0,battery,785894.7,8.1,36842835.0,46.9,6.48,12600.0,20.4,0,0.1924,35.26,14.7,0,0,
2015,Nickel,China,0,battery,127786.3,5.78,1311536.0,10.3,8.67,12000.0,26.3,0,0.187,33.36,25.9,0,0,0.0
2016,Nickel,China,0,battery,159713.9,6.17,6375032.0,39.9,9.26,12600.0,13.9,0,0.1891,34.94,31.3,0,0,0.0
2017,Nickel,China,0,battery,193206.1,6.23,5842837.0,30.2,9.34,16800.0,22.6,0,0.1881,34.14,28.7,0,0,0.0
2018,Nickel,China,0,battery,205359.9,6.23,7757417.0,37.8,9.35,18000.0,21.3,0,0.1858,33.58,19.3,0,0,0.0
2019,Nickel,China,0,battery,222901.1,5.82,9952829.0,44.7,8.73,13200.0,25.6,0,0.1995,37.3,21.3,0,0,0.0
2020,Nickel,China,0,battery,265079.2,6.2,5777747.0,21.8,9.31,12000.0,26.2,0,0.1918,35.47,21.1,0,0,1.0
2021,Nickel,China,0,battery,304005.3,5.79,10320381.0,33.9,8.69,18000.0,19.9,0,0.1957,35.48,19.4,0,1,0.0
2022,Nickel,China,0,battery,320047.6,5.59,4866953.0,15.2,8.39,21600.0,14.5,0,0.208,38.66,24.8,0,0,0.0
2023,Nickel,China,0,battery,356488.7,5.51,8647185.0,24.3,8.27,15600.0,13.8,0,0.2111,39.09,33.7,0,0,0.0
2024,Nickel,China,0,battery,432514.8,5.74,3479314.0,8.0,8.61,12600.0,9.7,0,0.2009,37.59,35.2,0,0,0.0
2025,Nickel,China,0,battery,506578.4,5.78,26479025.0,52.3,8.66,12000.0,22.7,0,0.1981,36.32,22.9,0,0,0.0
2026,Nickel,China,0,battery,592270.6,6.1,34563398.0,58.4,9.15,12600.0,16.9,0,0.1924,35.26,11.9,0,0,
2015,Nickel,Indonesia,0,battery,737678.4,33.36,37649296.0,51.0,26.69,12000.0,15.2,0,0.187,33.36,13.3,0,0,0.0
2016,Nickel,Indonesia,0,battery,904411.9,34.94,30823146.0,34.1,27.95,12600.0,33.3,0,0.1891,34.94,14.8,0,0,0.0
2017,Nickel,Indonesia,0,battery,1058909.8,34.14,47820976.0,45.2,27.31,16800.0,20.9,0,0.1881,34.14,16.5,0,0,0.0
2018,Nickel,Indonesia,0,battery,1106921.5,33.58,47077559.0,42.5,26.87,18000.0,24.7,0,0.1858,33.58,15.6,0,0,0.0
2019,Nickel,Indonesia,0,battery,1428111.7,37.3,23889488.0,16.7,29.84,13200.0,31.7,0,0.1995,37.3,12.1,0,0,0.0
2020,Nickel,Indonesia,0,battery,1515563.3,35.47,87735562.0,57.9,28.37,12000.0,26.4,0,0.1918,35.47,12.7,0,0,1.0
2021,Nickel,Indonesia,0,battery,1861377.3,35.48,83055687.0,44.6,28.39,18000.0,22.8,0,0.1957,35.48,11.4,0,1,0.0
2022,Nickel,Indonesia,0,battery,2211518.7,38.66,51150220.0,23.1,30.93,21600.0,24.7,0,0.208,38.66,21.8,0,0,0.0
2023,Nickel,Indonesia,0,battery,2527572.1,39.09,89069235.0,35.2,31.27,15600.0,25.2,0,0.2111,39.09,12.7,0,0,0.0
2024,Nickel,Indonesia,0,battery,2832430.5,37.59,45086201.0,15.9,30.07,12600.0,21.8,0,0.2009,37.59,8.4,0,0,0.0
2025,Nickel,Indonesia,0,battery,3185470.1,36.32,64975767.0,20.4,29.05,12000.0,19.2,0,0.1981,36.32,15.2,0,0,0.0
2026,Nickel,Indonesia,0,battery,3422165.7,35.26,60133227.0,17.6,28.2,12600.0,17.3,0,0.1924,35.26,15.8,0,0,
2015,Nickel,NewCaledonia,0,battery,190597.4,8.62,6694637.0,35.1,6.9,12000.0,27.1,0,0.187,33.36,17.4,0,0,0.0
2016,Nickel,NewCaledonia,0,battery,241414.5,9.33,4865173.0,20.2,7.46,12600.0,23.3,0,0.1891,34.94,11.7,0,0,0.0
2017,Nickel,NewCaledonia,0,battery,279643.0,9.02,15644627.0,55.9,7.21,16800.0,27.0,0,0.1881,34.14,16.5,0,0,0.0
2018,Nickel,NewCaledonia,0,battery,303361.5,9.2,11448676.0,37.7,7.36,18000.0,23.3,0,0.1858,33.58,8.0,0,0,0.0
2019,Nickel,NewCaledonia,0,battery,351835.3,9.19,17443051.0,49.6,7.35,13200.0,20.5,0,0.1995,37.3,10.7,0,0,0.0
2020,Nickel,NewCaledonia,0,battery,387649.2,9.07,8775728.0,22.6,7.26,12000.0,20.8,0,0.1918,35.47,19.3,0,0,1.0
2021,Nickel,NewCaledonia,0,battery,452190.4,8.62,26334398.0,58.2,6.9,18000.0,17.7,0,0.1957,35.48,6.4,0,1,0.0
2022,Nickel,NewCaledonia,0,battery,488487.1,8.54,21484348.0,44.0,6.83,21600.0,16.6,0,0.208,38.66,17.4,0,0,0.0
2023,Nickel,NewCaledonia,0,battery,545443.7,8.44,22947671.0,42.1,6.75,15600.0,16.2,0,0.2111,39.09,11.9,0,0,0.0
2024,Nickel,NewCaledonia,0,battery,653574.2,8.67,24450971.0,37.4,6.94,12600.0,23.0,0,0.2009,37.59,16.0,0,0,0.0
2025,Nickel,NewCaledonia,0,battery,729910.5,8.32,15384053.0,21.1,6.66,12000.0,29.9,0,0.1981,36.32,8.9,0,0,0.0
2026,Nickel,NewCaledonia,0,battery,844226.9,8.7,10664710.0,12.6,6.96,12600.0,19.5,0,0.1924,35.26,18.1,0,0,
2015,Nickel,Philippines,0,battery,373213.8,16.88,18931044.0,50.7,13.5,12000.0,13.7,0,0.187,33.36,19.7,0,0,0.0
2016,Nickel,Philippines,0,battery,395296.5,15.27,8272926.0,20.9,12.22,12600.0,20.7,0,0.1891,34.94,14.2,0,0,0.0
2017,Nickel,Philippines,0,battery,470503.4,15.17,27809137.0,59.1,12.14,16800.0,25.0,0,0.1881,34.14,5.7,0,0,0.0
2018,Nickel,Philippines,0,battery,533833.4,16.2,26294053.0,49.3,12.96,18000.0,35.0,0,0.1858,33.58,23.1,0,0,0.0
2019,Nickel,Philippines,0,battery,632921.7,16.53,34391281.0,54.3,13.23,13200.0,15.0,0,0.1995,37.3,17.9,0,0,0.0
2020,Nickel,Philippines,0,battery,684176.2,16.01,25815297.0,37.7,12.81,12000.0,16.7,0,0.1918,35.47,21.4,0,0,1.0
2021,Nickel,Philippines,0,battery,763581.0,14.56,13691700.0,17.9,11.64,18000.0,19.7,0,0.1957,35.48,16.0,0,1,0.0
2022,Nickel,Philippines,0,battery,870780.4,15.22,28778227.0,33.0,12.18,21600.0,23.6,0,0.208,38.66,16.8,0,0,0.0
2023,Nickel,Philippines,0,battery,1010440.4,15.63,56185391.0,55.6,12.5,15600.0,26.4,0,0.2111,39.09,6.7,0,0,0.0
2024,Nickel,Philippines,0,battery,1152980.9,15.3,50795026.0,44.1,12.24,12600.0,10.4,0,0.2009,37.59,12.8,0,0,0.0
2025,Nickel,Philippines,0,battery,1437239.9,16.39,60874181.0,42.4,13.11,12000.0,23.6,0,0.1981,36.32,7.6,0,0,0.0
2026,Nickel,Philippines,0,battery,1409039.8,14.52,59047072.0,41.9,11.61,12600.0,26.7,0,0.1924,35.26,10.3,0,0,
2015,Nickel,Russia,0,battery,228768.4,10.35,13233077.0,57.8,8.28,12000.0,22.1,0,0.187,33.36,24.1,0,0,0.0
2016,Nickel,Russia,0,battery,287042.2,11.09,7332761.0,25.5,8.87,12600.0,24.4,0,0.1891,34.94,25.5,0,0,0.0
2017,Nickel,Russia,0,battery,339798.7,10.96,7823605.0,23.0,8.76,16800.0,21.1,0,0.1881,34.14,26.0,0,0,0.0
2018,Nickel,Russia,0,battery,375713.4,11.4,16986365.0,45.2,9.12,18000.0,31.3,0,0.1858,33.58,13.0,0,0,0.0
2019,Nickel,Russia,0,battery,436971.1,11.41,11941058.0,27.3,9.13,13200.0,22.9,0,0.1995,37.3,24.5,0,0,0.0
2020,Nickel,Russia,0,battery,471518.9,11.03,20795901.0,44.1,8.83,12000.0,16.7,0,0.1918,35.47,23.9,0,0,1.0
2021,Nickel,Russia,0,battery,528251.3,10.07,20167756.0,38.2,8.06,18000.0,24.6,0,0.1957,35.48,24.9,0,1,0.0
2022,Nickel,Russia,0,battery,592202.5,10.35,9421338.0,15.9,8.28,21600.0,21.3,0,0.208,38.66,23.9,0,0,0.0
2023,Nickel,Russia,0,battery,652170.0,10.09,7863709.0,12.1,8.07,15600.0,18.5,0,0.2111,39.09,27.2,0,0,0.0
2024,Nickel,Russia,0,battery,836444.0,11.1,16435285.0,19.6,8.88,12600.0,22.4,0,0.2009,37.59,21.9,0,0,0.0
2025,Nickel,Russia,0,battery,991617.8,11.31,16329584.0,16.5,9.04,12000.0,11.2,0,0.1981,36.32,21.6,0,0,0.0
2026,Nickel,Russia,0,battery,1076683.1,11.09,33351992.0,31.0,8.87,12600.0,26.2,0,0.1924,35.26,23.0,0,0,
2015,Niobium,Brazil,0,alloy,58158.3,87.57,2093480.0,36.0,70.05,46764.69,5.9,0,0.8064,87.57,60.2,1,0,0.0
2016,Niobium,Brazil,0,alloy,57436.1,85.37,2820038.0,49.1,68.3,49485.03,10.6,0,0.7965,85.37,52.5,1,0,0.0
2017,Niobium,Brazil,0,alloy,60956.6,84.45,2926707.0,48.0,67.56,45547.2,12.8,0,0.7894,84.45,59.0,1,0,0.0
2018,Niobium,Brazil,0,alloy,67290.0,91.23,3905153.0,58.0,72.98,51439.92,9.7,0,0.7977,91.23,56.0,1,0,0.0
2019,Niobium,Brazil,0,alloy,71516.4,92.77,2928000.0,40.9,74.22,53601.07,3.4,0,0.8017,92.77,58.8,1,0,0.0
2020,Niobium,Brazil,0,alloy,65481.7,84.67,640774.0,9.8,67.74,53682.8,7.7,0,0.7896,84.67,68.5,1,0,0.0
2021,Niobium,Brazil,0,alloy,73042.1,89.89,787886.0,10.8,71.92,55387.8,3.8,0,0.8095,89.89,70.6,1,0,0.0
2022,Niobium,Brazil,0,alloy,71919.9,85.68,2029325.0,28.2,68.54,50029.07,4.5,0,0.7954,85.68,65.2,1,0,0.0
2023,Niobium,Brazil,0,alloy,85015.9,94.08,3187601.0,37.5,75.27,58905.11,11.9,0,0.8177,94.08,61.6,1,0,0.0
2024,Niobium,Brazil,0,alloy,84725.4,88.97,4568430.0,53.9,71.18,52375.35,4.1,0,0.798,88.97,62.8,1,0,0.0
2025,Niobium,Brazil,0,alloy,82636.6,85.47,4825188.0,58.4,68.38,63334.89,10.2,0,0.7906,85.47,56.9,1,0,0.0
2026,Niobium,Brazil,0,alloy,86122.7,89.09,3030077.0,35.2,71.27,57539.28,4.1,0,0.7988,89.09,61.6,1,0,
2015,Niobium,Canada,0,alloy,5678.0,8.55,190220.0,33.5,6.84,46764.69,8.0,0,0.8064,87.57,61.0,1,0,0.0
2016,Niobium,Canada,0,alloy,5936.4,8.82,168294.0,28.3,7.06,49485.03,3.3,0,0.7965,85.37,60.7,1,0,0.0
2017,Niobium,Canada,0,alloy,6652.9,9.22,69732.0,10.5,7.37,45547.2,2.7,0,0.7894,84.45,65.6,1,0,0.0
2018,Niobium,Canada,0,alloy,7096.9,9.62,408955.0,57.6,7.7,51439.92,10.5,0,0.7977,91.23,66.9,1,0,0.0
2019,Niobium,Canada,0,alloy,7232.4,9.38,216179.0,29.9,7.51,53601.07,6.1,0,0.8017,92.77,64.4,1,0,0.0
2020,Niobium,Canada,0,alloy,7163.2,9.26,241233.0,33.7,7.41,53682.8,6.3,0,0.7896,84.67,61.9,1,0,0.0
2021,Niobium,Canada,0,alloy,6812.5,8.38,120354.0,17.7,6.71,55387.8,7.2,0,0.8095,89.89,64.7,1,0,0.0
2022,Niobium,Canada,0,alloy,7537.4,8.98,220592.0,29.3,7.18,50029.07,3.4,0,0.7954,85.68,56.6,1,0,0.0
2023,Niobium,Canada,0,alloy,7604.0,8.42,428668.0,56.4,6.73,58905.11,7.9,0,0.8177,94.08,64.0,1,0,0.0
2024,Niobium,Canada,0,alloy,8774.3,9.21,351881.0,40.1,7.37,52375.35,1.4,0,0.798,88.97,66.3,1,0,0.0
2025,Niobium,Canada,0,alloy,9020.5,9.33,484044.0,53.7,7.46,63334.89,5.2,0,0.7906,85.47,65.3,1,0,0.0
2026,Niobium,Canada,0,alloy,8870.9,9.18,442958.0,49.9,7.34,57539.28,4.8,0,0.7988,89.09,70.8,1,0,
2015,Niobium,Nigeria,0,alloy,1246.7,1.88,41811.0,33.5,1.5,46764.69,0.6,0,0.8064,87.57,73.0,1,0,0.0
2016,Niobium,Nigeria,0,alloy,1345.5,2.0,37832.0,28.1,1.6,49485.03,3.0,0,0.7965,85.37,56.2,1,0,0.0
2017,Niobium,Nigeria,0,alloy,1420.5,1.97,40604.0,28.6,1.57,45547.2,4.0,0,0.7894,84.45,64.9,1,0,0.0
2018,Niobium,Nigeria,0,alloy,1389.7,1.88,62548.0,45.0,1.51,51439.92,7.2,0,0.7977,91.23,67.2,1,0,0.0
2019,Niobium,Nigeria,0,alloy,1550.0,2.01,13296.0,8.6,1.61,53601.07,9.8,0,0.8017,92.77,63.5,1,0,0.0
2020,Niobium,Nigeria,0,alloy,1511.5,1.95,53792.0,35.6,1.56,53682.8,6.2,0,0.7896,84.67,56.8,1,0,0.0
2021,Niobium,Nigeria,0,alloy,1707.1,2.1,81538.0,47.8,1.68,55387.8,5.5,0,0.8095,89.89,66.8,1,0,0.0
2022,Niobium,Nigeria,0,alloy,1648.5,1.96,89637.0,54.4,1.57,50029.07,2.7,0,0.7954,85.68,64.2,1,0,0.0
2023,Niobium,Nigeria,0,alloy,1792.5,1.98,34561.0,19.3,1.59,58905.11,6.5,0,0.8177,94.08,68.5,1,0,0.0
2024,Niobium,Nigeria,0,alloy,1874.8,1.97,63944.0,34.1,1.58,52375.35,7.6,0,0.798,88.97,73.0,1,0,0.0
2025,Niobium,Nigeria,0,alloy,1860.0,1.92,51878.0,27.9,1.54,63334.89,3.9,0,0.7906,85.47,63.2,1,0,0.0
2026,Niobium,Nigeria,0,alloy,1895.6,1.96,45505.0,24.0,1.57,57539.28,1.8,0,0.7988,89.09,62.1,1,0,
2015,Palladium,Canada,0,catalyst,20.1,9.36,605.0,30.1,7.49,24327954.02,2.4,0,0.3167,41.12,23.2,0,0,0.0
2016,Palladium,Canada,0,catalyst,20.3,9.49,806.0,39.8,7.59,26285420.93,8.1,0,0.3146,40.16,30.5,0,0,0.0
2017,Palladium,Canada,0,catalyst,20.0,8.68,895.0,44.8,6.94,24540157.21,9.0,0,0.3144,37.82,20.2,0,0,0.0
2018,Palladium,Canada,0,catalyst,23.5,9.61,963.0,41.0,7.69,27346899.03,11.5,0,0.307,38.1,17.5,0,0,0.0
2019,Palladium,Canada,0,catalyst,22.6,9.05,1241.0,54.9,7.24,28605534.73,7.2,0,0.3114,39.07,14.9,0,0,0.0
2020,Palladium,Canada,0,catalyst,24.5,9.16,1170.0,47.7,7.33,30987554.15,9.6,0,0.3152,39.91,13.5,0,0,0.0
2021,Palladium,Canada,0,catalyst,25.5,9.43,672.0,26.4,7.54,29114304.64,4.0,0,0.3157,41.8,25.6,0,0,0.0
2022,Palladium,Canada,0,catalyst,25.5,9.18,1000.0,39.2,7.34,33267077.7,10.1,0,0.3165,41.91,19.9,0,0,0.0
2023,Palladium,Canada,0,catalyst,26.0,9.05,442.0,17.0,7.24,30723774.37,1.6,0,0.3158,38.6,24.4,0,0,0.0
2024,Palladium,Canada,0,catalyst,26.3,9.0,451.0,17.2,7.2,29882364.02,5.1,0,0.3188,42.39,22.1,0,0,0.0
2025,Palladium,Canada,0,catalyst,28.1,8.93,953.0,34.0,7.14,32798116.79,6.9,0,0.3192,39.18,21.9,0,0,0.0
2026,Palladium,Canada,0,catalyst,27.7,8.65,1348.0,48.7,6.92,33875381.11,7.4,0,0.3197,40.54,20.2,0,0,
2015,Palladium,Russia,0,catalyst,88.3,41.12,4824.0,54.6,32.89,24327954.02,8.9,0,0.3167,41.12,33.6,0,0,0.0
2016,Palladium,Russia,0,catalyst,85.8,40.16,3905.0,45.5,32.13,26285420.93,4.4,0,0.3146,40.16,33.4,0,0,0.0
2017,Palladium,Russia,0,catalyst,87.1,37.82,2664.0,30.6,30.26,24540157.21,6.7,0,0.3144,37.82,26.5,0,0,0.0
2018,Palladium,Russia,0,catalyst,93.1,38.1,866.0,9.3,30.48,27346899.03,-0.1,0,0.307,38.1,34.9,0,0,0.0
2019,Palladium,Russia,0,catalyst,97.6,39.07,2756.0,28.2,31.25,28605534.73,8.0,0,0.3114,39.07,26.2,0,0,0.0
2020,Palladium,Russia,0,catalyst,106.8,39.91,5923.0,55.4,31.93,30987554.15,-1.7,0,0.3152,39.91,24.0,0,0,0.0
2021,Palladium,Russia,0,catalyst,112.9,41.8,2990.0,26.5,33.44,29114304.64,4.6,0,0.3157,41.8,36.8,0,0,0.0
2022,Palladium,Russia,0,catalyst,116.4,41.91,5073.0,43.6,33.53,33267077.7,2.8,0,0.3165,41.91,32.6,0,0,0.0
2023,Palladium,Russia,0,catalyst,107.3,37.4,1803.0,16.8,29.92,30723774.37,6.6,0,0.3158,38.6,31.4,0,0,0.0
2024,Palladium,Russia,0,catalyst,123.6,42.39,1795.0,14.5,33.91,29882364.02,6.5,0,0.3188,42.39,38.1,0,0,0.0
2025,Palladium,Russia,0,catalyst,123.2,39.18,3851.0,31.2,31.35,32798116.79,8.5,0,0.3192,39.18,37.6,0,0,0.0
2026,Palladium,Russia,0,catalyst,129.8,40.54,4370.0,33.7,32.43,33875381.11,-0.5,0,0.3197,40.54,35.7,0,0,
2015,Palladium,SouthAfrica,0,catalyst,84.1,39.18,1999.0,23.8,31.34,24327954.02,11.9,0,0.3167,41.12,17.6,0,0,0.0
2016,Palladium,SouthAfrica,0,catalyst,81.1,37.96,4058.0,50.0,30.36,26285420.93,6.4,0,0.3146,40.16,18.7,0,0,0.0
2017,Palladium,SouthAfrica,0,catalyst,86.8,37.69,3466.0,39.9,30.15,24540157.21,2.6,0,0.3144,37.82,23.4,0,0,0.0
2018,Palladium,SouthAfrica,0,catalyst,87.8,35.94,3064.0,34.9,28.75,27346899.03,2.7,0,0.307,38.1,23.6,0,0,0.0
2019,Palladium,SouthAfrica,0,catalyst,94.7,37.91,2839.0,30.0,30.33,28605534.73,6.8,0,0.3114,39.07,24.2,0,0,0.0
2020,Palladium,SouthAfrica,0,catalyst,97.7,36.52,1266.0,13.0,29.21,30987554.15,5.5,0,0.3152,39.91,25.1,0,0,0.0
2021,Palladium,SouthAfrica,0,catalyst,95.6,35.43,3613.0,37.8,28.34,29114304.64,6.6,0,0.3157,41.8,25.2,0,0,0.0
2022,Palladium,SouthAfrica,0,catalyst,95.8,34.47,2553.0,26.7,27.58,33267077.7,14.9,0,0.3165,41.91,20.2,0,0,0.0
2023,Palladium,SouthAfrica,0,catalyst,110.7,38.6,3195.0,28.8,30.88,30723774.37,6.3,0,0.3158,38.6,19.7,0,0,0.0
2024,Palladium,SouthAfrica,0,catalyst,105.4,36.13,3798.0,36.0,28.9,29882364.02,6.7,0,0.3188,42.39,17.9,0,0,0.0
2025,Palladium,SouthAfrica,0,catalyst,122.3,38.89,3394.0,27.8,31.11,32798116.79,3.6,0,0.3192,39.18,18.8,0,0,0.0
2026,Palladium,SouthAfrica,0,catalyst,118.0,36.86,4180.0,35.4,29.49,33875381.11,8.0,0,0.3197,40.54,26.7,0,0,
2015,Palladium,USA,0,catalyst,20.5,9.52,730.0,35.7,7.62,24327954.02,7.7,0,0.3167,41.12,20.7,0,0,0.0
2016,Palladium,USA,0,catalyst,18.8,8.82,385.0,20.4,7.05,26285420.93,7.5,0,0.3146,40.16,19.1,0,0,0.0
2017,Palladium,USA,0,catalyst,20.6,8.93,953.0,46.3,7.15,24540157.21,7.4,0,0.3144,37.82,19.3,0,0,0.0
2018,Palladium,USA,0,catalyst,23.1,9.44,1159.0,50.2,7.55,27346899.03,4.6,0,0.307,38.1,21.8,0,0,0.0
2019,Palladium,USA,0,catalyst,23.5,9.42,977.0,41.5,7.54,28605534.73,3.8,0,0.3114,39.07,22.9,0,0,0.0
2020,Palladium,USA,0,catalyst,24.1,9.0,263.0,10.9,7.2,30987554.15,9.2,0,0.3152,39.91,31.6,0,0,0.0
2021,Palladium,USA,0,catalyst,24.7,9.14,467.0,18.9,7.31,29114304.64,4.1,0,0.3157,41.8,18.7,0,0,0.0
2022,Palladium,USA,0,catalyst,26.0,9.36,415.0,16.0,7.49,33267077.7,6.4,0,0.3165,41.91,22.2,0,0,0.0
2023,Palladium,USA,0,catalyst,24.1,8.41,300.0,12.4,6.73,30723774.37,2.2,0,0.3158,38.6,22.4,0,0,0.0
2024,Palladium,USA,0,catalyst,27.4,9.38,423.0,15.4,7.5,29882364.02,4.1,0,0.3188,42.39,20.7,0,0,0.0
2025,Palladium,USA,0,catalyst,26.4,8.41,747.0,28.3,6.73,32798116.79,3.8,0,0.3192,39.18,24.5,0,0,0.0
2026,Palladium,USA,0,catalyst,27.8,8.69,1244.0,44.7,6.95,33875381.11,11.4,0,0.3197,40.54,27.9,0,0,
2015,Palladium,Zimbabwe,0,catalyst,10.4,4.85,219.0,21.0,3.88,24327954.02,2.9,0,0.3167,41.12,16.8,0,0,0.0
2016,Palladium,Zimbabwe,0,catalyst,11.1,5.19,184.0,16.6,4.15,26285420.93,4.8,0,0.3146,40.16,25.1,0,0,0.0
2017,Palladium,Zimbabwe,0,catalyst,11.7,5.07,616.0,52.8,4.06,24540157.21,2.6,0,0.3144,37.82,21.0,0,0,0.0
2018,Palladium,Zimbabwe,0,catalyst,12.0,4.92,699.0,58.1,3.94,27346899.03,6.2,0,0.307,38.1,29.6,0,0,0.0
2019,Palladium,Zimbabwe,0,catalyst,13.3,5.33,721.0,54.1,4.27,28605534.73,6.3,0,0.3114,39.07,21.4,0,0,0.0
2020,Palladium,Zimbabwe,0,catalyst,12.9,4.81,719.0,55.9,3.85,30987554.15,2.2,0,0.3152,39.91,25.9,0,0,0.0
2021,Palladium,Zimbabwe,0,catalyst,13.1,4.86,327.0,24.9,3.89,29114304.64,6.8,0,0.3157,41.8,21.5,0,0,0.0
2022,Palladium,Zimbabwe,0,catalyst,12.9,4.65,727.0,56.3,3.72,33267077.7,1.5,0,0.3165,41.91,18.9,0,0,0.0
2023,Palladium,Zimbabwe,0,catalyst,14.6,5.1,521.0,35.6,4.08,30723774.37,2.9,0,0.3158,38.6,30.7,0,0,0.0
2024,Palladium,Zimbabwe,0,catalyst,13.9,4.75,810.0,58.4,3.8,29882364.02,12.8,0,0.3188,42.39,26.2,0,0,0.0
2025,Palladium,Zimbabwe,0,catalyst,16.0,5.09,628.0,39.3,4.07,32798116.79,6.0,0,0.3192,39.18,28.9,0,0,0.0
2026,Palladium,Zimbabwe,0,catalyst,15.9,4.95,927.0,58.5,3.96,33875381.11,4.0,0,0.3197,40.54,22.8,0,0,
2015,Platinum,Canada,0,catalyst,7.7,4.18,450.0,58.3,3.35,28109437.56,2.6,0,0.533,71.13,47.8,0,0,0.0
2016,Platinum,Canada,0,catalyst,8.1,4.19,466.0,57.4,3.35,32785499.75,5.4,0,0.5341,68.69,47.0,0,0,0.0
2017,Platinum,Canada,0,catalyst,7.9,3.94,328.0,41.5,3.15,33665679.32,7.2,0,0.5381,73.44,38.9,0,0,0.0
2018,Platinum,Canada,0,catalyst,8.3,4.17,82.0,9.9,3.33,34502648.58,6.0,0,0.5396,71.92,54.8,1,0,0.0
2019,Platinum,Canada,0,catalyst,8.2,3.89,241.0,29.4,3.12,36018380.78,6.8,0,0.5353,68.44,40.9,0,0,0.0
2020,Platinum,Canada,0,catalyst,8.7,3.86,392.0,45.1,3.09,31367981.38,6.4,0,0.5528,73.63,56.4,1,0,0.0
2021,Platinum,Canada,0,catalyst,8.3,3.75,203.0,24.6,3.0,35099764.0,8.0,0,0.5223,68.05,36.5,0,0,0.0
2022,Platinum,Canada,0,catalyst,9.8,4.03,554.0,56.6,3.22,35665639.26,5.8,0,0.5327,67.7,48.1,0,0,0.0
2023,Platinum,Canada,0,catalyst,9.5,3.77,506.0,53.2,3.02,36757072.62,8.6,0,0.5549,76.89,45.1,0,0,0.0
2024,Platinum,Canada,0,catalyst,10.5,3.96,605.0,57.8,3.17,40748961.7,2.9,0,0.5405,72.83,41.2,0,0,0.0
2025,Platinum,Canada,0,catalyst,10.1,4.0,115.0,11.3,3.2,40898595.81,3.3,0,0.5339,68.03,46.5,0,0,0.0
2026,Platinum,Canada,0,catalyst,11.5,4.19,213.0,18.6,3.36,41604959.97,2.1,0,0.5322,70.49,46.9,0,0,
2015,Platinum,Russia,0,catalyst,20.8,11.25,388.0,18.7,9.0,28109437.56,3.0,0,0.533,71.13,48.4,1,0,0.0
2016,Platinum,Russia,0,catalyst,20.2,10.41,920.0,45.6,8.32,32785499.75,6.6,0,0.5341,68.69,47.1,0,0,0.0
2017,Platinum,Russia,0,catalyst,22.9,11.42,885.0,38.6,9.13,33665679.32,8.9,0,0.5381,73.44,56.5,1,0,0.0
2018,Platinum,Russia,0,catalyst,22.7,11.43,1107.0,48.7,9.15,34502648.58,1.9,0,0.5396,71.92,51.2,1,0,0.0
2019,Platinum,Russia,0,catalyst,21.7,10.29,432.0,19.9,8.23,36018380.78,10.4,0,0.5353,68.44,50.0,1,0,0.0
2020,Platinum,Russia,0,catalyst,24.2,10.73,1099.0,45.4,8.59,31367981.38,4.9,0,0.5528,73.63,53.2,1,0,0.0
2021,Platinum,Russia,0,catalyst,24.5,11.15,1384.0,56.4,8.92,35099764.0,5.0,0,0.5223,68.05,45.0,0,0,0.0
2022,Platinum,Russia,0,catalyst,26.4,10.87,345.0,13.1,8.69,35665639.26,5.5,0,0.5327,67.7,51.6,1,0,0.0
2023,Platinum,Russia,0,catalyst,29.2,11.58,1547.0,53.0,9.26,36757072.62,3.6,0,0.5549,76.89,50.4,1,0,0.0
2024,Platinum,Russia,0,catalyst,29.7,11.25,252.0,8.5,9.0,40748961.7,9.4,0,0.5405,72.83,53.4,1,0,0.0
2025,Platinum,Russia,0,catalyst,27.1,10.68,1207.0,44.5,8.55,40898595.81,6.0,0,0.5339,68.03,62.1,1,0,0.0
2026,Platinum,Russia,0,catalyst,31.6,11.57,848.0,26.8,9.26,41604959.97,6.7,0,0.5322,70.49,56.7,1,0,
2015,Platinum,SouthAfrica,0,catalyst,131.2,71.13,4944.0,37.7,56.91,28109437.56,1.3,0,0.533,71.13,36.1,0,0,0.0
2016,Platinum,SouthAfrica,0,catalyst,133.0,68.69,6311.0,47.4,54.95,32785499.75,5.7,0,0.5341,68.69,44.8,0,0,0.0
2017,Platinum,SouthAfrica,0,catalyst,147.5,73.44,5246.0,35.6,58.76,33665679.32,5.9,0,0.5381,73.44,41.5,0,0,0.0
2018,Platinum,SouthAfrica,0,catalyst,143.1,71.92,3760.0,26.3,57.53,34502648.58,6.9,0,0.5396,71.92,43.6,0,0,0.0
2019,Platinum,SouthAfrica,0,catalyst,144.2,68.44,7843.0,54.4,54.75,36018380.78,9.2,0,0.5353,68.44,35.6,0,0,0.0
2020,Platinum,SouthAfrica,0,catalyst,166.1,73.63,3327.0,20.0,58.9,31367981.38,6.7,0,0.5528,73.63,46.9,0,0,0.0
2021,Platinum,SouthAfrica,0,catalyst,149.8,68.05,8547.0,57.1,54.44,35099764.0,2.5,0,0.5223,68.05,39.0,0,0,0.0
2022,Platinum,SouthAfrica,0,catalyst,164.6,67.7,9866.0,59.9,54.16,35665639.26,4.8,0,0.5327,67.7,39.6,0,0,0.0
2023,Platinum,SouthAfrica,0,catalyst,193.8,76.89,8291.0,42.8,61.51,36757072.62,7.4,0,0.5549,76.89,44.5,0,0,0.0
2024,Platinum,SouthAfrica,0,catalyst,192.5,72.83,10687.0,55.5,58.26,40748961.7,4.8,0,0.5405,72.83,42.2,0,0,0.0
2025,Platinum,SouthAfrica,0,catalyst,172.8,68.03,7753.0,44.9,54.42,40898595.81,10.9,0,0.5339,68.03,37.4,0,0,0.0
2026,Platinum,SouthAfrica,0,catalyst,192.7,70.49,6206.0,32.2,56.39,41604959.97,6.4,0,0.5322,70.49,46.1,0,0,
2015,Platinum,USA,0,catalyst,8.6,4.68,92.0,10.6,3.74,28109437.56,3.4,0,0.533,71.13,47.1,0,0,0.0
2016,Platinum,USA,0,catalyst,9.9,5.14,395.0,39.8,4.11,32785499.75,7.4,0,0.5341,68.69,36.2,0,0,0.0
2017,Platinum,USA,0,catalyst,10.6,5.3,359.0,33.7,4.24,33665679.32,8.0,0,0.5381,73.44,49.1,1,0,0.0
2018,Platinum,USA,0,catalyst,9.5,4.76,383.0,40.4,3.81,34502648.58,8.4,0,0.5396,71.92,45.5,0,0,0.0
2019,Platinum,USA,0,catalyst,10.0,4.76,269.0,26.8,3.81,36018380.78,-1.1,0,0.5353,68.44,38.7,0,0,0.0
2020,Platinum,USA,0,catalyst,11.4,5.07,489.0,42.8,4.06,31367981.38,1.2,0,0.5528,73.63,49.4,1,0,0.0
2021,Platinum,USA,0,catalyst,11.2,5.1,656.0,58.4,4.08,35099764.0,9.2,0,0.5223,68.05,41.5,0,0,0.0
2022,Platinum,USA,0,catalyst,11.7,4.82,229.0,19.6,3.86,35665639.26,5.5,0,0.5327,67.7,31.0,0,0,0.0
2023,Platinum,USA,0,catalyst,12.2,4.85,575.0,47.1,3.88,36757072.62,7.8,0,0.5549,76.89,33.7,0,0,0.0
2024,Platinum,USA,0,catalyst,14.1,5.32,309.0,21.9,4.26,40748961.7,4.2,0,0.5405,72.83,49.0,1,0,0.0
2025,Platinum,USA,0,catalyst,12.2,4.82,240.0,19.6,3.85,40898595.81,7.6,0,0.5339,68.03,38.2,0,0,0.0
2026,Platinum,USA,0,catalyst,13.8,5.05,417.0,30.2,4.04,41604959.97,8.8,0,0.5322,70.49,40.3,0,0,
2015,Platinum,Zimbabwe,0,catalyst,15.6,8.45,796.0,51.1,6.76,28109437.56,3.3,0,0.533,71.13,39.3,0,0,0.0
2016,Platinum,Zimbabwe,0,catalyst,14.8,7.64,346.0,23.3,6.11,32785499.75,6.0,0,0.5341,68.69,50.6,1,0,0.0
2017,Platinum,Zimbabwe,0,catalyst,16.5,8.23,775.0,46.9,6.58,33665679.32,7.6,0,0.5381,73.44,40.1,0,0,0.0
2018,Platinum,Zimbabwe,0,catalyst,15.5,7.79,449.0,29.0,6.23,34502648.58,3.7,0,0.5396,71.92,48.5,1,0,0.0
2019,Platinum,Zimbabwe,0,catalyst,17.4,8.25,273.0,15.7,6.6,36018380.78,12.8,0,0.5353,68.44,41.5,0,0,0.0
2020,Platinum,Zimbabwe,0,catalyst,17.3,7.68,540.0,31.2,6.14,31367981.38,4.1,0,0.5528,73.63,43.5,0,0,0.0
2021,Platinum,Zimbabwe,0,catalyst,18.7,8.48,352.0,18.8,6.78,35099764.0,0.9,0,0.5223,68.05,38.5,0,0,0.0
2022,Platinum,Zimbabwe,0,catalyst,18.2,7.47,218.0,12.0,5.98,35665639.26,-0.3,0,0.5327,67.7,51.6,1,0,0.0
2023,Platinum,Zimbabwe,0,catalyst,20.7,8.19,1071.0,51.9,6.55,36757072.62,6.1,0,0.5549,76.89,48.6,1,0,0.0
2024,Platinum,Zimbabwe,0,catalyst,20.7,7.85,738.0,35.6,6.28,40748961.7,5.4,0,0.5405,72.83,38.9,0,0,0.0
2025,Platinum,Zimbabwe,0,catalyst,19.5,7.69,530.0,27.1,6.15,40898595.81,9.0,0,0.5339,68.03,39.9,0,0,0.0
2026,Platinum,Zimbabwe,0,catalyst,20.7,7.58,448.0,21.6,6.06,41604959.97,3.0,0,0.5322,70.49,33.7,0,0,
2015,Praseodymium,Australia,1,magnet,1198.5,9.12,24248.0,20.2,7.29,60000.0,12.1,0,0.5749,78.06,47.1,0,0,0.0
2016,Praseodymium,Australia,1,magnet,1276.1,9.36,12052.0,9.4,7.49,54000.0,13.1,0,0.5667,74.32,51.4,1,0,0.0
2017,Praseodymium,Australia,1,magnet,1396.1,9.01,76093.0,54.5,7.21,66000.0,10.5,0,0.5729,77.67,45.2,0,0,0.0
2018,Praseodymium,Australia,1,magnet,1529.0,9.5,31621.0,20.7,7.6,72000.0,14.4,0,0.558,75.67,44.8,0,0,0.0
2019,Praseodymium,Australia,1,magnet,1573.5,9.37,65320.0,41.5,7.5,60000.0,13.8,0,0.5548,74.96,40.7,0,0,0.0
2020,Praseodymium,Australia,1,magnet,1704.6,9.16,47876.0,28.1,7.33,66000.0,8.3,0,0.5607,74.44,41.5,0,0,1.0
2021,Praseodymium,Australia,1,magnet,2012.8,9.96,32598.0,16.2,7.97,114000.0,6.7,0,0.5445,74.55,44.7,0,1,0.0
2022,Praseodymium,Australia,1,magnet,2010.0,10.05,39541.0,19.7,8.04,126000.0,16.0,0,0.5131,66.89,50.2,1,0,0.0
2023,Praseodymium,Australia,1,magnet,2415.6,10.37,140100.0,58.0,8.3,84000.0,10.3,0,0.525,71.09,39.3,0,0,0.0
2024,Praseodymium,Australia,1,magnet,2469.2,10.4,73551.0,29.8,8.32,72000.0,12.1,0,0.5222,71.73,40.1,0,0,0.0
2025,Praseodymium,Australia,1,magnet,2791.4,10.9,33917.0,12.2,8.72,96000.0,13.5,0,0.5015,66.71,42.3,0,0,0.0
2026,Praseodymium,Australia,1,magnet,2852.8,9.96,101186.0,35.5,7.97,108000.0,18.3,0,0.5199,69.01,46.7,0,0,
2015,Praseodymium,China,1,magnet,10262.3,78.06,603901.0,58.8,100.0,60000.0,15.3,0,0.5749,78.06,52.5,1,0,0.0
2016,Praseodymium,China,1,magnet,10134.1,74.32,99494.0,9.8,100.0,54000.0,10.5,0,0.5667,74.32,61.6,1,0,0.0
2017,Praseodymium,China,1,magnet,12034.7,77.67,171942.0,14.3,100.0,66000.0,12.0,0,0.5729,77.67,68.0,1,0,0.0
2018,Praseodymium,China,1,magnet,12179.5,75.67,141792.0,11.6,100.0,72000.0,11.0,0,0.558,75.67,62.3,1,0,0.0
2019,Praseodymium,China,1,magnet,12583.6,74.96,637555.0,50.7,100.0,60000.0,9.0,0,0.5548,74.96,57.7,1,0,0.0
2020,Praseodymium,China,1,magnet,13847.9,74.44,234178.0,16.9,100.0,66000.0,15.7,0,0.5607,74.44,54.6,1,0,1.0
2021,Praseodymium,China,1,magnet,15069.8,74.55,728389.0,48.3,100.0,114000.0,11.4,0,0.5445,74.55,58.4,1,1,0.0
2022,Praseodymium,China,1,magnet,13377.1,66.89,684942.0,51.2,100.0,126000.0,6.5,0,0.5131,66.89,50.6,1,0,0.0
2023,Praseodymium,China,1,magnet,16555.8,71.09,978111.0,59.1,100.0,84000.0,12.5,0,0.525,71.09,51.2,1,0,0.0
2024,Praseodymium,China,1,magnet,17033.6,71.73,396752.0,23.3,100.0,72000.0,10.2,0,0.5222,71.73,47.4,0,0,0.0
2025,Praseodymium,China,1,magnet,17076.1,66.71,950040.0,55.6,100.0,96000.0,7.0,0,0.5015,66.71,44.8,0,0,0.0
2026,Praseodymium,China,1,magnet,19762.1,69.01,563629.0,28.5,100.0,108000.0,15.7,0,0.5199,69.01,52.8,1,0,
2015,Praseodymium,Myanmar,1,magnet,685.5,5.21,22099.0,32.2,4.17,60000.0,10.1,0,0.5749,78.06,55.5,1,0,0.0
2016,Praseodymium,Myanmar,1,magnet,662.7,4.86,23579.0,35.6,3.89,54000.0,8.9,0,0.5667,74.32,57.2,1,0,0.0
2017,Praseodymium,Myanmar,1,magnet,836.3,5.4,49122.0,58.7,4.32,66000.0,8.8,0,0.5729,77.67,57.0,1,0,0.0
2018,Praseodymium,Myanmar,1,magnet,840.4,5.22,20764.0,24.7,4.18,72000.0,13.4,0,0.558,75.67,54.6,1,0,0.0
2019,Praseodymium,Myanmar,1,magnet,822.3,4.9,45620.0,55.5,3.92,60000.0,7.6,0,0.5548,74.96,53.2,1,0,0.0
2020,Praseodymium,Myanmar,1,magnet,946.5,5.09,54578.0,57.7,4.07,66000.0,11.4,0,0.5607,74.44,54.8,1,0,1.0
2021,Praseodymium,Myanmar,1,magnet,1139.6,5.64,40000.0,35.1,4.51,114000.0,10.4,0,0.5445,74.55,47.3,0,1,0.0
2022,Praseodymium,Myanmar,1,magnet,1041.5,5.21,57382.0,55.1,4.17,126000.0,1.8,0,0.5131,66.89,37.3,0,0,0.0
2023,Praseodymium,Myanmar,1,magnet,1314.9,5.65,18415.0,14.0,4.52,84000.0,8.1,0,0.525,71.09,55.0,1,0,0.0
2024,Praseodymium,Myanmar,1,magnet,1300.6,5.48,41040.0,31.6,4.38,72000.0,12.6,0,0.5222,71.73,51.3,1,0,0.0
2025,Praseodymium,Myanmar,1,magnet,1432.2,5.59,45818.0,32.0,4.48,96000.0,5.3,0,0.5015,66.71,57.8,1,0,0.0
2026,Praseodymium,Myanmar,1,magnet,1580.1,5.52,38764.0,24.5,4.41,108000.0,11.9,0,0.5199,69.01,45.8,0,0,
2015,Praseodymium,Russia,1,magnet,408.0,3.1,22777.0,55.8,2.48,60000.0,11.5,0,0.5749,78.06,55.7,1,0,0.0
2016,Praseodymium,Russia,1,magnet,425.3,3.12,14690.0,34.5,2.5,54000.0,8.4,0,0.5667,74.32,55.2,1,0,0.0
2017,Praseodymium,Russia,1,magnet,481.6,3.11,13560.0,28.2,2.49,66000.0,13.9,0,0.5729,77.67,49.9,1,0,0.0
2018,Praseodymium,Russia,1,magnet,519.1,3.23,13162.0,25.4,2.58,72000.0,10.9,0,0.558,75.67,55.2,1,0,0.0
2019,Praseodymium,Russia,1,magnet,561.0,3.34,33368.0,59.5,2.67,60000.0,19.4,0,0.5548,74.96,52.9,1,0,0.0
2020,Praseodymium,Russia,1,magnet,579.7,3.12,23033.0,39.7,2.49,66000.0,3.4,0,0.5607,74.44,49.8,1,0,1.0
2021,Praseodymium,Russia,1,magnet,672.5,3.33,17975.0,26.7,2.66,114000.0,17.4,0,0.5445,74.55,46.6,0,1,0.0
2022,Praseodymium,Russia,1,magnet,693.9,3.47,17873.0,25.8,2.78,126000.0,12.1,0,0.5131,66.89,49.7,1,0,0.0
2023,Praseodymium,Russia,1,magnet,773.2,3.32,43237.0,55.9,2.66,84000.0,13.3,0,0.525,71.09,45.6,0,0,0.0
2024,Praseodymium,Russia,1,magnet,842.3,3.55,12068.0,14.3,2.84,72000.0,21.5,0,0.5222,71.73,56.8,1,0,0.0
2025,Praseodymium,Russia,1,magnet,917.3,3.58,46858.0,51.1,2.87,96000.0,7.0,0,0.5015,66.71,55.0,1,0,0.0
2026,Praseodymium,Russia,1,magnet,1041.1,3.64,37790.0,36.3,2.91,108000.0,9.2,0,0.5199,69.01,43.1,0,0,
2015,Praseodymium,USA,1,magnet,1205.4,9.17,38016.0,31.5,7.34,60000.0,9.1,0,0.5749,78.06,40.2,0,0,0.0
2016,Praseodymium,USA,1,magnet,1203.4,8.83,41901.0,34.8,7.06,54000.0,15.5,0,0.5667,74.32,42.0,0,0,0.0
2017,Praseodymium,USA,1,magnet,1415.5,9.14,81873.0,57.8,7.31,66000.0,19.1,0,0.5729,77.67,44.6,0,0,0.0
2018,Praseodymium,USA,1,magnet,1547.0,9.61,76560.0,49.5,7.69,72000.0,12.0,0,0.558,75.67,40.7,0,0,0.0
2019,Praseodymium,USA,1,magnet,1688.7,10.06,52282.0,31.0,8.05,60000.0,18.9,0,0.5548,74.96,40.1,0,0,0.0
2020,Praseodymium,USA,1,magnet,1759.5,9.46,61082.0,34.7,7.57,66000.0,12.3,0,0.5607,74.44,43.5,0,0,1.0
2021,Praseodymium,USA,1,magnet,1955.7,9.67,107840.0,55.1,7.74,114000.0,14.3,0,0.5445,74.55,47.4,0,1,0.0
2022,Praseodymium,USA,1,magnet,2060.4,10.3,53240.0,25.8,8.24,126000.0,10.0,0,0.5131,66.89,43.4,0,0,0.0
2023,Praseodymium,USA,1,magnet,2355.2,10.11,27349.0,11.6,8.09,84000.0,3.7,0,0.525,71.09,56.7,1,0,0.0
2024,Praseodymium,USA,1,magnet,2518.9,10.61,124764.0,49.5,8.49,72000.0,10.8,0,0.5222,71.73,40.1,0,0,0.0
2025,Praseodymium,USA,1,magnet,2612.8,10.21,52381.0,20.0,8.17,96000.0,11.3,0,0.5015,66.71,38.3,0,0,0.0
2026,Praseodymium,USA,1,magnet,2860.8,9.99,119914.0,41.9,7.99,108000.0,10.6,0,0.5199,69.01,34.2,0,0,
2015,Tantalum,Australia,0,capacitor,77.3,6.39,2816.0,36.4,5.11,186373.33,4.9,0,0.2806,42.34,16.7,0,0,0.0
2016,Tantalum,Australia,0,capacitor,74.8,6.06,1305.0,17.4,4.85,185641.74,4.6,0,0.2703,38.72,14.1,0,0,0.0
2017,Tantalum,Australia,0,capacitor,70.4,5.61,3605.0,51.2,4.48,173543.5,1.9,0,0.2818,41.97,15.5,0,0,0.0
2018,Tantalum,Australia,0,capacitor,76.6,5.72,3658.0,47.7,4.58,194174.69,4.0,0,0.2668,37.81,29.0,0,0,0.0
2019,Tantalum,Australia,0,capacitor,79.2,5.64,4665.0,58.9,4.51,219685.95,2.4,0,0.275,41.29,18.9,0,0,0.0
2020,Tantalum,Australia,0,capacitor,87.2,5.83,4713.0,54.0,4.67,215240.85,12.0,0,0.2703,38.3,18.6,0,0,0.0
2021,Tantalum,Australia,0,capacitor,94.4,5.94,5484.0,58.1,4.75,201770.68,-1.8,0,0.2713,40.69,12.4,0,0,0.0
2022,Tantalum,Australia,0,capacitor,97.3,6.38,919.0,9.4,5.11,203039.47,12.0,0,0.2778,42.42,32.6,0,0,0.0
2023,Tantalum,Australia,0,capacitor,103.1,6.34,6020.0,58.4,5.07,227782.0,8.6,0,0.2696,37.52,13.2,0,0,0.0
2024,Tantalum,Australia,0,capacitor,106.9,6.12,3709.0,34.7,4.89,229135.64,4.2,0,0.2687,37.6,16.6,0,0,0.0
2025,Tantalum,Australia,0,capacitor,111.0,6.06,5435.0,49.0,4.85,235034.67,-2.7,0,0.2713,38.71,16.0,0,0,0.0
2026,Tantalum,Australia,0,capacitor,116.3,6.37,1610.0,13.8,5.09,259925.6,5.7,0,0.27,39.9,16.2,0,0,
2015,Tantalum,Brazil,0,capacitor,114.3,9.46,5506.0,48.1,7.57,186373.33,7.3,0,0.2806,42.34,17.1,0,0,0.0
2016,Tantalum,Brazil,0,capacitor,120.4,9.75,6911.0,57.4,7.8,185641.74,4.8,0,0.2703,38.72,16.1,0,0,0.0
2017,Tantalum,Brazil,0,capacitor,125.2,9.97,2657.0,21.2,7.97,173543.5,3.4,0,0.2818,41.97,22.6,0,0,0.0
2018,Tantalum,Brazil,0,capacitor,140.7,10.51,6960.0,49.5,8.4,194174.69,1.7,0,0.2668,37.81,20.1,0,0,0.0
2019,Tantalum,Brazil,0,capacitor,150.3,10.7,4023.0,26.8,8.56,219685.95,3.4,0,0.275,41.29,14.4,0,0,0.0
2020,Tantalum,Brazil,0,capacitor,156.7,10.48,7890.0,50.4,8.38,215240.85,2.0,0,0.2703,38.3,21.0,0,0,0.0
2021,Tantalum,Brazil,0,capacitor,164.0,10.33,5600.0,34.1,8.26,201770.68,-0.7,0,0.2713,40.69,23.2,0,0,0.0
2022,Tantalum,Brazil,0,capacitor,161.5,10.6,1525.0,9.4,8.48,203039.47,-0.3,0,0.2778,42.42,28.9,0,0,0.0
2023,Tantalum,Brazil,0,capacitor,153.4,9.43,3001.0,19.6,7.54,227782.0,8.4,0,0.2696,37.52,22.6,0,0,0.0
2024,Tantalum,Brazil,0,capacitor,184.6,10.56,9803.0,53.1,8.45,229135.64,7.4,0,0.2687,37.6,22.8,0,0,0.0
2025,Tantalum,Brazil,0,capacitor,190.9,10.42,5614.0,29.4,8.33,235034.67,8.2,0,0.2713,38.71,21.8,0,0,0.0
2026,Tantalum,Brazil,0,capacitor,195.2,10.69,6037.0,30.9,8.55,259925.6,3.0,0,0.27,39.9,28.0,0,0,
2015,Tantalum,China,0,capacitor,60.3,4.99,1465.0,24.3,7.48,186373.33,3.2,0,0.2806,42.34,27.9,0,0,0.0
2016,Tantalum,China,0,capacitor,59.5,4.82,3495.0,58.7,7.23,185641.74,11.7,0,0.2703,38.72,35.1,0,0,0.0
2017,Tantalum,China,0,capacitor,60.0,4.78,2103.0,35.0,7.17,173543.5,7.6,0,0.2818,41.97,40.8,0,0,0.0
2018,Tantalum,China,0,capacitor,68.8,5.13,661.0,9.6,7.7,194174.69,8.8,0,0.2668,37.81,31.4,0,0,0.0
2019,Tantalum,China,0,capacitor,74.1,5.27,671.0,9.1,7.91,219685.95,3.7,0,0.275,41.29,34.9,0,0,0.0
2020,Tantalum,China,0,capacitor,75.2,5.03,1439.0,19.1,7.54,215240.85,-1.0,0,0.2703,38.3,24.7,0,0,0.0
2021,Tantalum,China,0,capacitor,83.1,5.23,4602.0,55.4,7.85,201770.68,7.4,0,0.2713,40.69,31.6,0,0,0.0
2022,Tantalum,China,0,capacitor,81.4,5.35,2924.0,35.9,8.02,203039.47,7.1,0,0.2778,42.42,34.8,0,0,0.0
2023,Tantalum,China,0,capacitor,80.5,4.95,2488.0,30.9,7.42,227782.0,7.4,0,0.2696,37.52,29.1,0,0,0.0
2024,Tantalum,China,0,capacitor,84.1,4.81,3770.0,44.8,7.21,229135.64,4.4,0,0.2687,37.6,38.3,0,0,0.0
2025,Tantalum,China,0,capacitor,89.5,4.89,4235.0,47.3,7.33,235034.67,9.9,0,0.2713,38.71,15.8,0,0,0.0
2026,Tantalum,China,0,capacitor,91.7,5.02,3294.0,35.9,7.53,259925.6,6.3,0,0.27,39.9,26.8,0,0,
2015,Tantalum,DRC,0,capacitor,511.8,42.34,15418.0,30.1,33.87,186373.33,9.1,0,0.2806,42.34,28.3,0,0,0.0
2016,Tantalum,DRC,0,capacitor,478.1,38.72,19472.0,40.7,30.97,185641.74,6.5,0,0.2703,38.72,27.2,0,0,0.0
2017,Tantalum,DRC,0,capacitor,527.1,41.97,15333.0,29.1,33.58,173543.5,8.4,0,0.2818,41.97,24.7,0,0,0.0
2018,Tantalum,DRC,0,capacitor,506.5,37.81,23307.0,46.0,30.24,194174.69,12.2,0,0.2668,37.81,20.9,0,0,0.0
2019,Tantalum,DRC,0,capacitor,580.1,41.29,28405.0,49.0,33.03,219685.95,7.0,0,0.275,41.29,24.0,0,0,0.0
2020,Tantalum,DRC,0,capacitor,572.6,38.3,26941.0,47.0,30.64,215240.85,9.9,0,0.2703,38.3,34.0,0,0,0.0
2021,Tantalum,DRC,0,capacitor,646.3,40.69,38627.0,59.8,32.55,201770.68,9.6,0,0.2713,40.69,28.7,0,0,0.0
2022,Tantalum,DRC,0,capacitor,646.2,42.42,19377.0,30.0,33.94,203039.47,9.6,0,0.2778,42.42,36.6,0,0,0.0
2023,Tantalum,DRC,0,capacitor,610.3,37.52,32606.0,53.4,30.01,227782.0,0.7,0,0.2696,37.52,39.1,0,0,0.0
2024,Tantalum,DRC,0,capacitor,657.3,37.6,20347.0,31.0,30.08,229135.64,8.2,0,0.2687,37.6,28.7,0,0,0.0
2025,Tantalum,DRC,0,capacitor,709.4,38.71,39363.0,55.5,30.97,235034.67,8.5,0,0.2713,38.71,28.4,0,0,0.0
2026,Tantalum,DRC,0,capacitor,728.8,39.9,15231.0,20.9,31.92,259925.6,10.5,0,0.27,39.9,16.6,0,0,
2015,Tantalum,Nigeria,0,capacitor,109.6,9.07,3944.0,36.0,7.25,186373.33,4.5,0,0.2806,42.34,21.1,0,0,0.0
2016,Tantalum,Nigeria,0,capacitor,117.4,9.51,3179.0,27.1,7.61,185641.74,9.2,0,0.2703,38.72,12.4,0,0,0.0
2017,Tantalum,Nigeria,0,capacitor,115.1,9.16,2130.0,18.5,7.33,173543.5,6.8,0,0.2818,41.97,19.4,0,0,0.0
2018,Tantalum,Nigeria,0,capacitor,119.3,8.9,1912.0,16.0,7.12,194174.69,5.8,0,0.2668,37.81,23.4,0,0,0.0
2019,Tantalum,Nigeria,0,capacitor,127.4,9.07,2319.0,18.2,7.26,219685.95,12.8,0,0.275,41.29,12.0,0,0,0.0
2020,Tantalum,Nigeria,0,capacitor,128.8,8.62,6977.0,54.1,6.89,215240.85,1.7,0,0.2703,38.3,16.8,0,0,0.0
2021,Tantalum,Nigeria,0,capacitor,152.6,9.61,7066.0,46.3,7.69,201770.68,3.3,0,0.2713,40.69,10.2,0,0,0.0
2022,Tantalum,Nigeria,0,capacitor,129.2,8.48,5103.0,39.5,6.79,203039.47,3.6,0,0.2778,42.42,23.1,0,0,0.0
2023,Tantalum,Nigeria,0,capacitor,147.8,9.08,1564.0,10.6,7.27,227782.0,5.7,0,0.2696,37.52,26.4,0,0,0.0
2024,Tantalum,Nigeria,0,capacitor,147.5,8.44,7218.0,48.9,6.75,229135.64,5.1,0,0.2687,37.6,26.9,0,0,0.0
2025,Tantalum,Nigeria,0,capacitor,164.9,9.0,4789.0,29.0,7.2,235034.67,3.3,0,0.2713,38.71,21.9,0,0,0.0
2026,Tantalum,Nigeria,0,capacitor,167.2,9.15,3356.0,20.1,7.32,259925.6,5.9,0,0.27,39.9,14.0,0,0,
2015,Tantalum,Rwanda,0,capacitor,375.4,31.05,10936.0,29.1,24.84,186373.33,3.9,0,0.2806,42.34,23.6,0,0,0.0
2016,Tantalum,Rwanda,0,capacitor,364.9,29.55,7054.0,19.3,23.64,185641.74,9.0,0,0.2703,38.72,16.9,0,0,0.0
2017,Tantalum,Rwanda,0,capacitor,389.5,31.02,19449.0,49.9,24.81,173543.5,12.5,0,0.2818,41.97,17.4,0,0,0.0
2018,Tantalum,Rwanda,0,capacitor,376.4,28.1,15489.0,41.1,22.48,194174.69,8.1,0,0.2668,37.81,15.3,0,0,0.0
2019,Tantalum,Rwanda,0,capacitor,414.2,29.48,17494.0,42.2,23.58,219685.95,4.1,0,0.275,41.29,15.7,0,0,0.0
2020,Tantalum,Rwanda,0,capacitor,448.2,29.97,15241.0,34.0,23.98,215240.85,6.0,0,0.2703,38.3,12.3,0,0,0.0
2021,Tantalum,Rwanda,0,capacitor,453.4,28.55,18198.0,40.1,22.84,201770.68,6.1,0,0.2713,40.69,18.6,0,0,0.0
2022,Tantalum,Rwanda,0,capacitor,485.2,31.85,8560.0,17.6,25.48,203039.47,7.5,0,0.2778,42.42,19.2,0,0,0.0
2023,Tantalum,Rwanda,0,capacitor,507.2,31.18,18256.0,36.0,24.94,227782.0,11.1,0,0.2696,37.52,14.5,0,0,0.0
2024,Tantalum,Rwanda,0,capacitor,522.0,29.86,14147.0,27.1,23.89,229135.64,5.1,0,0.2687,37.6,17.4,0,0,0.0
2025,Tantalum,Rwanda,0,capacitor,584.8,31.91,16847.0,28.8,25.53,235034.67,0.9,0,0.2713,38.71,18.9,0,0,0.0
2026,Tantalum,Rwanda,0,capacitor,565.0,30.94,11220.0,19.9,24.75,259925.6,5.3,0,0.27,39.9,8.2,0,0,
2015,Terbium,Australia,1,magnet,15.3,3.98,716.0,46.8,3.18,900000.0,12.3,0,0.7796,89.24,64.3,1,0,0.0
2016,Terbium,Australia,1,magnet,17.6,4.15,782.0,44.3,3.32,810000.0,11.8,0,0.7784,85.57,64.7,1,0,0.0
2017,Terbium,Australia,1,magnet,19.7,4.16,1083.0,54.9,3.33,990000.0,12.4,0,0.7901,91.55,58.3,1,0,0.0
2018,Terbium,Australia,1,magnet,18.7,3.92,984.0,52.6,3.14,1080000.0,10.2,0,0.7713,86.06,54.1,1,0,0.0
2019,Terbium,Australia,1,magnet,21.1,4.01,804.0,38.1,3.21,900000.0,18.0,0,0.7758,85.96,62.7,1,0,0.0
2020,Terbium,Australia,1,magnet,25.8,4.48,644.0,24.9,3.58,990000.0,11.4,0,0.7657,86.84,66.0,1,0,1.0
2021,Terbium,Australia,1,magnet,27.1,4.59,792.0,29.2,3.67,1710000.0,9.8,0,0.764,89.11,65.7,1,1,0.0
2022,Terbium,Australia,1,magnet,28.4,4.42,1274.0,44.8,3.54,1890000.0,5.6,0,0.753,80.96,57.7,1,0,0.0
2023,Terbium,Australia,1,magnet,30.8,4.42,1273.0,41.3,3.54,1260000.0,7.5,0,0.771,90.71,58.6,1,0,0.0
2024,Terbium,Australia,1,magnet,34.5,4.79,1751.0,50.8,3.83,1080000.0,5.4,0,0.7699,92.21,63.2,1,0,0.0
2025,Terbium,Australia,1,magnet,34.9,4.48,1676.0,48.0,3.58,1440000.0,11.9,0,0.7606,88.06,60.9,1,0,0.0
2026,Terbium,Australia,1,magnet,42.6,4.98,1255.0,29.5,3.99,1620000.0,6.1,0,0.7504,91.71,56.0,1,0,
2015,Terbium,China,1,magnet,343.5,89.24,12601.0,36.7,100.0,900000.0,17.2,0,0.7796,89.24,72.0,1,0,0.0
2016,Terbium,China,1,magnet,363.9,85.57,4285.0,11.8,100.0,810000.0,10.5,0,0.7784,85.57,79.7,1,0,0.0
2017,Terbium,China,1,magnet,433.8,91.55,22763.0,52.5,100.0,990000.0,16.0,0,0.7901,91.55,70.2,1,0,0.0
2018,Terbium,China,1,magnet,410.4,86.06,17732.0,43.2,100.0,1080000.0,12.2,0,0.7713,86.06,73.6,1,0,0.0
2019,Terbium,China,1,magnet,452.0,85.96,7265.0,16.1,100.0,900000.0,18.3,0,0.7758,85.96,65.3,1,0,0.0
2020,Terbium,China,1,magnet,500.7,86.84,10249.0,20.5,100.0,990000.0,9.2,0,0.7657,86.84,69.6,1,0,1.0
2021,Terbium,China,1,magnet,526.2,89.11,28018.0,53.2,100.0,1710000.0,6.8,0,0.764,89.11,64.9,1,1,0.0
2022,Terbium,China,1,magnet,520.7,80.96,8504.0,16.3,100.0,1890000.0,4.7,0,0.753,80.96,72.9,1,0,0.0
2023,Terbium,China,1,magnet,632.0,90.71,29749.0,47.1,100.0,1260000.0,16.3,0,0.771,90.71,77.2,1,0,0.0
2024,Terbium,China,1,magnet,664.6,92.21,15701.0,23.6,100.0,1080000.0,12.3,0,0.7699,92.21,67.0,1,0,1.0
2025,Terbium,China,1,magnet,686.7,88.06,35180.0,51.2,100.0,1440000.0,5.1,1,0.7606,88.06,88.0,1,1,0.0
2026,Terbium,China,1,magnet,783.4,91.71,19946.0,25.5,100.0,1620000.0,4.7,1,0.7504,91.71,82.9,1,0,
2015,Terbium,Myanmar,1,magnet,32.3,8.4,1734.0,53.6,6.72,900000.0,10.2,0,0.7796,89.24,75.4,1,0,0.0
2016,Terbium,Myanmar,1,magnet,33.1,7.78,928.0,28.1,6.22,810000.0,7.4,0,0.7784,85.57,67.7,1,0,0.0
2017,Terbium,Myanmar,1,magnet,36.8,7.76,880.0,23.9,6.21,990000.0,11.5,0,0.7901,91.55,68.1,1,0,0.0
2018,Terbium,Myanmar,1,magnet,41.0,8.6,1516.0,37.0,6.88,1080000.0,18.2,0,0.7713,86.06,70.5,1,0,0.0
2019,Terbium,Myanmar,1,magnet,43.0,8.17,988.0,23.0,6.54,900000.0,5.7,0,0.7758,85.96,71.1,1,0,0.0
2020,Terbium,Myanmar,1,magnet,49.2,8.53,1391.0,28.3,6.82,990000.0,14.4,0,0.7657,86.84,73.1,1,0,1.0
2021,Terbium,Myanmar,1,magnet,52.5,8.89,562.0,10.7,7.11,1710000.0,11.8,0,0.764,89.11,81.2,1,1,0.0
2022,Terbium,Myanmar,1,magnet,55.2,8.58,2015.0,36.5,6.87,1890000.0,14.6,0,0.753,80.96,56.6,1,0,0.0
2023,Terbium,Myanmar,1,magnet,61.2,8.78,1622.0,26.5,7.03,1260000.0,17.0,0,0.771,90.71,73.5,1,0,0.0
2024,Terbium,Myanmar,1,magnet,62.7,8.7,1573.0,25.1,6.96,1080000.0,10.1,0,0.7699,92.21,62.9,1,0,0.0
2025,Terbium,Myanmar,1,magnet,71.0,9.1,2021.0,28.5,7.28,1440000.0,9.1,0,0.7606,88.06,75.5,1,0,0.0
2026,Terbium,Myanmar,1,magnet,85.1,9.96,1557.0,18.3,7.97,1620000.0,16.1,0,0.7504,91.71,60.4,1,0,
2015,Tin,Bolivia,0,solder,18950.8,6.82,760583.0,40.1,5.46,19357.61,7.9,0,0.1871,29.9,11.6,0,0,0.0
2016,Tin,Bolivia,0,solder,20361.9,6.62,994974.0,48.9,5.3,20093.59,4.2,0,0.194,30.98,0.0,0,0,0.0
2017,Tin,Bolivia,0,solder,21090.7,6.92,535993.0,25.4,5.54,20794.09,3.7,0,0.1884,30.4,18.5,0,0,0.0
2018,Tin,Bolivia,0,solder,24254.5,7.21,310340.0,12.8,5.77,18405.73,9.6,0,0.1879,31.63,18.1,0,0,0.0
2019,Tin,Bolivia,0,solder,24482.5,7.3,566850.0,23.2,5.84,18654.15,3.8,0,0.1874,30.44,10.6,0,0,0.0
2020,Tin,Bolivia,0,solder,24799.6,7.35,885009.0,35.7,5.88,18682.15,8.5,0,0.1871,28.95,14.2,0,0,0.0
2021,Tin,Bolivia,0,solder,24587.5,6.54,547350.0,22.3,5.24,21491.17,2.7,0,0.1852,28.59,3.3,0,0,0.0
2022,Tin,Bolivia,0,solder,26914.0,7.13,1570343.0,58.3,5.71,21150.21,5.5,0,0.1916,31.45,14.5,0,0,0.0
2023,Tin,Bolivia,0,solder,27830.2,7.33,1618144.0,58.1,5.86,23389.36,10.0,0,0.189,31.87,16.1,0,0,0.0
2024,Tin,Bolivia,0,solder,26479.4,6.54,1117647.0,42.2,5.23,23750.39,0.7,0,0.1886,30.52,13.7,0,0,0.0
2025,Tin,Bolivia,0,solder,29362.2,6.57,1140143.0,38.8,5.25,23062.75,6.1,0,0.1856,28.45,16.1,0,0,0.0
2026,Tin,Bolivia,0,solder,30500.7,6.88,245383.0,8.0,5.51,24957.06,8.6,0,0.1839,28.59,14.1,0,0,
2015,Tin,Brazil,0,solder,17677.7,6.36,830090.0,47.0,5.09,19357.61,6.6,0,0.1871,29.9,18.3,0,0,0.0
2016,Tin,Brazil,0,solder,19062.1,6.2,940327.0,49.3,4.96,20093.59,6.8,0,0.194,30.98,20.0,0,0,0.0
2017,Tin,Brazil,0,solder,19408.0,6.37,272451.0,14.0,5.09,20794.09,2.0,0,0.1884,30.4,17.6,0,0,0.0
2018,Tin,Brazil,0,solder,20940.4,6.23,596815.0,28.5,4.98,18405.73,7.5,0,0.1879,31.63,17.7,0,0,0.0
2019,Tin,Brazil,0,solder,19975.3,5.96,355693.0,17.8,4.77,18654.15,8.5,0,0.1874,30.44,9.2,0,0,0.0
2020,Tin,Brazil,0,solder,20784.6,6.16,1149567.0,55.3,4.93,18682.15,9.5,0,0.1871,28.95,5.4,0,0,0.0
2021,Tin,Brazil,0,solder,24078.1,6.41,1317308.0,54.7,5.13,21491.17,10.7,0,0.1852,28.59,13.7,0,0,0.0
2022,Tin,Brazil,0,solder,21490.1,5.69,738901.0,34.4,4.56,21150.21,5.8,0,0.1916,31.45,10.1,0,0,0.0
2023,Tin,Brazil,0,solder,23609.5,6.22,489726.0,20.7,4.97,23389.36,2.3,0,0.189,31.87,3.5,0,0,0.0
2024,Tin,Brazil,0,solder,24950.7,6.17,395977.0,15.9,4.93,23750.39,4.0,0,0.1886,30.52,10.1,0,0,0.0
2025,Tin,Brazil,0,solder,27781.4,6.21,1190646.0,42.9,4.97,23062.75,12.5,0,0.1856,28.45,14.1,0,0,0.0
2026,Tin,Brazil,0,solder,26407.8,5.96,1007847.0,38.2,4.77,24957.06,-0.6,0,0.1839,28.59,12.7,0,0,
2015,Tin,China,0,solder,83053.9,29.9,2908107.0,35.0,44.84,19357.61,5.5,0,0.1871,29.9,18.7,0,0,0.0
2016,Tin,China,0,solder,95229.6,30.98,3671947.0,38.6,46.47,20093.59,14.2,0,0.194,30.98,23.5,0,0,0.0
2017,Tin,China,0,solder,92658.6,30.4,4224571.0,45.6,45.6,20794.09,2.2,0,0.1884,30.4,19.6,0,0,0.0
2018,Tin,China,0,solder,106392.6,31.63,4123387.0,38.8,47.45,18405.73,4.5,0,0.1879,31.63,18.6,0,0,0.0
2019,Tin,China,0,solder,102065.4,30.44,4903581.0,48.0,45.67,18654.15,6.6,0,0.1874,30.44,30.3,0,0,0.0
2020,Tin,China,0,solder,97724.1,28.95,1068015.0,10.9,43.43,18682.15,1.4,0,0.1871,28.95,24.9,0,0,0.0
2021,Tin,China,0,solder,107422.7,28.59,2636749.0,24.5,42.89,21491.17,6.8,0,0.1852,28.59,16.0,0,0,0.0
2022,Tin,China,0,solder,118698.3,31.45,4312862.0,36.3,47.18,21150.21,3.2,0,0.1916,31.45,18.0,0,0,0.0
2023,Tin,China,0,solder,121050.2,31.87,3249105.0,26.8,47.8,23389.36,3.6,0,0.189,31.87,18.8,0,0,0.0
2024,Tin,China,0,solder,123530.4,30.52,4291034.0,34.7,45.79,23750.39,2.4,0,0.1886,30.52,15.7,0,0,0.0
2025,Tin,China,0,solder,127200.5,28.45,1884898.0,14.8,42.68,23062.75,6.2,0,0.1856,28.45,24.8,0,0,0.0
2026,Tin,China,0,solder,126663.1,28.59,1740375.0,13.7,42.89,24957.06,9.0,0,0.1839,28.59,25.5,0,0,
2015,Tin,DRC,0,solder,17137.0,6.17,300076.0,17.5,4.93,19357.61,3.9,0,0.1871,29.9,20.5,0,0,0.0
2016,Tin,DRC,0,solder,18602.2,6.05,770932.0,41.4,4.84,20093.59,3.0,0,0.194,30.98,23.4,0,0,0.0
2017,Tin,DRC,0,solder,17832.0,5.85,621065.0,34.8,4.68,20794.09,11.4,0,0.1884,30.4,12.6,0,0,0.0
2018,Tin,DRC,0,solder,21488.3,6.39,742576.0,34.6,5.11,18405.73,3.2,0,0.1879,31.63,17.3,0,0,0.0
2019,Tin,DRC,0,solder,20032.8,5.98,1031681.0,51.5,4.78,18654.15,7.5,0,0.1874,30.44,26.6,0,0,0.0
2020,Tin,DRC,0,solder,20007.2,5.93,648254.0,32.4,4.74,18682.15,4.6,0,0.1871,28.95,29.1,0,0,0.0
2021,Tin,DRC,0,solder,21012.4,5.59,586372.0,27.9,4.47,21491.17,6.7,0,0.1852,28.59,20.1,0,0,0.0
2022,Tin,DRC,0,solder,21526.0,5.7,816574.0,37.9,4.56,21150.21,7.9,0,0.1916,31.45,20.2,0,0,0.0
2023,Tin,DRC,0,solder,23110.4,6.08,1058176.0,45.8,4.87,23389.36,9.2,0,0.189,31.87,13.5,0,0,0.0
2024,Tin,DRC,0,solder,24962.6,6.17,564562.0,22.6,4.93,23750.39,3.6,0,0.1886,30.52,24.4,0,0,0.0
2025,Tin,DRC,0,solder,27517.4,6.16,718265.0,26.1,4.92,23062.75,1.8,0,0.1856,28.45,23.0,0,0,0.0
2026,Tin,DRC,0,solder,24754.1,5.59,334692.0,13.5,4.47,24957.06,7.1,0,0.1839,28.59,23.8,0,0,
2015,Tin,Indonesia,0,solder,68767.0,24.75,799368.0,11.6,19.8,19357.61,7.6,0,0.1871,29.9,18.0,0,0,0.0
2016,Tin,Indonesia,0,solder,77090.3,25.08,926384.0,12.0,20.06,20093.59,10.5,0,0.194,30.98,16.8,0,0,0.0
2017,Tin,Indonesia,0,solder,73878.7,24.24,2703589.0,36.6,19.39,20794.09,8.4,0,0.1884,30.4,7.2,0,0,0.0
2018,Tin,Indonesia,0,solder,76168.4,22.65,3562633.0,46.8,18.12,18405.73,3.5,0,0.1879,31.63,10.1,0,0,0.0
2019,Tin,Indonesia,0,solder,77922.9,23.24,2857081.0,36.7,18.59,18654.15,4.7,0,0.1874,30.44,15.7,0,0,0.0
2020,Tin,Indonesia,0,solder,85738.1,25.4,2216423.0,25.9,20.32,18682.15,9.8,0,0.1871,28.95,16.0,0,0,0.0
2021,Tin,Indonesia,0,solder,90212.0,24.01,4244781.0,47.1,19.21,21491.17,7.8,0,0.1852,28.59,13.8,0,0,0.0
2022,Tin,Indonesia,0,solder,95308.5,25.25,5005571.0,52.5,20.2,21150.21,12.1,0,0.1916,31.45,23.1,0,0,0.0
2023,Tin,Indonesia,0,solder,85130.4,22.41,1945651.0,22.9,17.93,23389.36,9.4,0,0.189,31.87,12.7,0,0,0.0
2024,Tin,Indonesia,0,solder,93898.9,23.2,4711779.0,50.2,18.56,23750.39,1.5,0,0.1886,30.52,9.0,0,0,0.0
2025,Tin,Indonesia,0,solder,112607.1,25.19,6007741.0,53.4,20.15,23062.75,4.0,0,0.1856,28.45,17.1,0,0,0.0
2026,Tin,Indonesia,0,solder,99473.7,22.45,3810067.0,38.3,17.96,24957.06,2.7,0,0.1839,28.59,16.5,0,0,
2015,Tin,Malaysia,0,solder,15746.3,5.67,251605.0,16.0,4.53,19357.61,9.3,0,0.1871,29.9,19.3,0,0,0.0
2016,Tin,Malaysia,0,solder,17674.5,5.75,654453.0,37.0,4.6,20093.59,4.4,0,0.194,30.98,21.1,0,0,0.0
2017,Tin,Malaysia,0,solder,17219.2,5.65,899513.0,52.2,4.52,20794.09,10.9,0,0.1884,30.4,18.8,0,0,0.0
2018,Tin,Malaysia,0,solder,19985.3,5.94,683147.0,34.2,4.75,18405.73,7.8,0,0.1879,31.63,13.4,0,0,0.0
2019,Tin,Malaysia,0,solder,20459.1,6.1,780513.0,38.1,4.88,18654.15,9.0,0,0.1874,30.44,13.4,0,0,0.0
2020,Tin,Malaysia,0,solder,19632.3,5.82,938828.0,47.8,4.65,18682.15,3.9,0,0.1871,28.95,11.5,0,0,0.0
2021,Tin,Malaysia,0,solder,23366.0,6.22,776518.0,33.2,4.98,21491.17,10.5,0,0.1852,28.59,8.3,0,0,0.0
2022,Tin,Malaysia,0,solder,23126.4,6.13,713045.0,30.8,4.9,21150.21,4.0,0,0.1916,31.45,9.3,0,0,0.0
2023,Tin,Malaysia,0,solder,24312.6,6.4,1203403.0,49.5,5.12,23389.36,8.6,0,0.189,31.87,11.0,0,0,0.0
2024,Tin,Malaysia,0,solder,23144.3,5.72,818370.0,35.4,4.58,23750.39,6.3,0,0.1886,30.52,7.9,0,0,0.0
2025,Tin,Malaysia,0,solder,28383.2,6.35,1536018.0,54.1,5.08,23062.75,3.5,0,0.1856,28.45,5.6,0,0,0.0
2026,Tin,Malaysia,0,solder,26996.6,6.09,1032470.0,38.2,4.88,24957.06,10.7,0,0.1839,28.59,11.9,0,0,
2015,Tin,Myanmar,0,solder,40166.3,14.46,2350249.0,58.5,11.57,19357.61,5.6,0,0.1871,29.9,17.3,0,0,0.0
2016,Tin,Myanmar,0,solder,40308.2,13.11,2159378.0,53.6,10.49,20093.59,8.5,0,0.194,30.98,13.6,0,0,0.0
2017,Tin,Myanmar,0,solder,44456.0,14.58,1860406.0,41.8,11.67,20794.09,4.5,0,0.1884,30.4,20.9,0,0,0.0
2018,Tin,Myanmar,0,solder,46019.8,13.68,1772137.0,38.5,10.95,18405.73,6.7,0,0.1879,31.63,19.0,0,0,0.0
2019,Tin,Myanmar,0,solder,48015.0,14.32,1543053.0,32.1,11.46,18654.15,8.7,0,0.1874,30.44,17.5,0,0,0.0
2020,Tin,Myanmar,0,solder,46153.1,13.67,1557285.0,33.7,10.94,18682.15,11.1,0,0.1871,28.95,12.7,0,0,0.0
2021,Tin,Myanmar,0,solder,53564.9,14.26,1908952.0,35.6,11.4,21491.17,4.9,0,0.1852,28.59,13.2,0,0,0.0
2022,Tin,Myanmar,0,solder,55766.0,14.78,3035573.0,54.4,11.82,21150.21,2.5,0,0.1916,31.45,27.0,0,0,0.0
2023,Tin,Myanmar,0,solder,53098.0,13.98,1902150.0,35.8,11.18,23389.36,8.1,0,0.189,31.87,27.9,0,0,0.0
2024,Tin,Myanmar,0,solder,56647.1,14.0,2464401.0,43.5,11.2,23750.39,6.5,0,0.1886,30.52,13.7,0,0,0.0
2025,Tin,Myanmar,0,solder,66242.0,14.82,889410.0,13.4,11.85,23062.75,8.2,0,0.1856,28.45,24.8,0,0,0.0
2026,Tin,Myanmar,0,solder,66166.4,14.94,3278347.0,49.5,11.95,24957.06,3.9,0,0.1839,28.59,16.3,0,0,
2015,Tin,Peru,0,solder,20483.9,7.37,962234.0,47.0,5.9,19357.61,-2.3,0,0.1871,29.9,12.0,0,0,0.0
2016,Tin,Peru,0,solder,20345.4,6.62,749990.0,36.9,5.29,20093.59,-4.2,0,0.194,30.98,15.2,0,0,0.0
2017,Tin,Peru,0,solder,22032.1,7.23,556979.0,25.3,5.78,20794.09,-0.1,0,0.1884,30.4,15.7,0,0,0.0
2018,Tin,Peru,0,solder,24974.4,7.43,1060495.0,42.5,5.94,18405.73,6.4,0,0.1879,31.63,11.2,0,0,0.0
2019,Tin,Peru,0,solder,22877.6,6.82,235997.0,10.3,5.46,18654.15,9.7,0,0.1874,30.44,11.6,0,0,0.0
2020,Tin,Peru,0,solder,23385.8,6.93,619660.0,26.5,5.54,18682.15,5.2,0,0.1871,28.95,9.5,0,0,0.0
2021,Tin,Peru,0,solder,26065.3,6.94,357082.0,13.7,5.55,21491.17,5.3,0,0.1852,28.59,21.2,0,0,0.0
2022,Tin,Peru,0,solder,27779.1,7.36,289360.0,10.4,5.89,21150.21,9.2,0,0.1916,31.45,20.0,0,0,0.0
2023,Tin,Peru,0,solder,25628.7,6.75,1086448.0,42.4,5.4,23389.36,8.7,0,0.189,31.87,16.0,0,0,0.0
2024,Tin,Peru,0,solder,29427.3,7.27,552626.0,18.8,5.82,23750.39,4.6,0,0.1886,30.52,10.4,0,0,0.0
2025,Tin,Peru,0,solder,29110.3,6.51,915741.0,31.5,5.21,23062.75,4.5,0,0.1856,28.45,1.8,0,0,0.0
2026,Tin,Peru,0,solder,30242.1,6.83,484035.0,16.0,5.46,24957.06,4.2,0,0.1839,28.59,3.4,0,0,
2015,Tungsten,Austria,0,alloy,2536.7,2.96,50648.0,20.0,2.37,30087.73,8.3,0,0.6788,80.6,52.9,1,0,0.0
2016,Tungsten,Austria,0,alloy,2511.9,2.81,91271.0,36.3,2.25,28299.22,9.4,0,0.6831,80.22,54.6,1,0,0.0
2017,Tungsten,Austria,0,alloy,2908.5,2.98,157376.0,54.1,2.38,33656.18,6.9,0,0.6909,84.32,54.7,1,0,0.0
2018,Tungsten,Austria,0,alloy,3007.0,2.99,115751.0,38.5,2.4,35503.73,10.1,0,0.6839,85.23,68.4,1,0,0.0
2019,Tungsten,Austria,0,alloy,3082.1,3.07,80597.0,26.2,2.46,31558.42,7.2,0,0.6613,78.14,53.3,1,0,0.0
2020,Tungsten,Austria,0,alloy,3194.0,3.21,155790.0,48.8,2.56,34435.23,5.6,0,0.6814,82.21,52.7,1,0,0.0
2021,Tungsten,Austria,0,alloy,3323.0,3.02,195598.0,58.9,2.41,34552.53,4.4,0,0.6706,76.97,50.6,1,0,0.0
2022,Tungsten,Austria,0,alloy,3441.6,3.13,128024.0,37.2,2.5,35160.34,6.7,0,0.6889,84.47,54.3,1,0,0.0
2023,Tungsten,Austria,0,alloy,3837.3,3.21,48675.0,12.7,2.56,37566.43,2.6,0,0.6879,84.89,59.1,1,0,0.0
2024,Tungsten,Austria,0,alloy,3701.8,2.94,79919.0,21.6,2.35,37021.87,6.2,0,0.6869,83.46,54.9,1,0,0.0
2025,Tungsten,Austria,0,alloy,4061.8,3.18,167121.0,41.1,2.55,36271.51,8.5,0,0.6855,84.55,56.6,1,0,0.0
2026,Tungsten,Austria,0,alloy,3626.3,2.86,60274.0,16.6,2.29,38740.59,3.2,0,0.6877,84.55,55.9,1,0,
2015,Tungsten,Bolivia,0,alloy,2630.9,3.07,65321.0,24.8,2.46,30087.73,1.5,0,0.6788,80.6,57.3,1,0,0.0
2016,Tungsten,Bolivia,0,alloy,2643.9,2.96,154008.0,58.3,2.37,28299.22,8.2,0,0.6831,80.22,56.8,1,0,0.0
2017,Tungsten,Bolivia,0,alloy,2914.4,2.98,95211.0,32.7,2.39,33656.18,7.4,0,0.6909,84.32,51.5,1,0,0.0
2018,Tungsten,Bolivia,0,alloy,3039.6,3.03,65906.0,21.7,2.42,35503.73,9.4,0,0.6839,85.23,54.2,1,0,0.0
2019,Tungsten,Bolivia,0,alloy,3136.9,3.12,59513.0,19.0,2.5,31558.42,0.9,0,0.6613,78.14,46.7,0,0,0.0
2020,Tungsten,Bolivia,0,alloy,2816.2,2.83,144434.0,51.3,2.26,34435.23,4.9,0,0.6814,82.21,57.9,1,0,0.0
2021,Tungsten,Bolivia,0,alloy,3214.2,2.92,69422.0,21.6,2.33,34552.53,4.9,0,0.6706,76.97,56.1,1,0,0.0
2022,Tungsten,Bolivia,0,alloy,3087.2,2.81,39627.0,12.8,2.24,35160.34,4.9,0,0.6889,84.47,69.4,1,0,0.0
2023,Tungsten,Bolivia,0,alloy,3359.3,2.81,126232.0,37.6,2.25,37566.43,5.8,0,0.6879,84.89,52.6,1,0,0.0
2024,Tungsten,Bolivia,0,alloy,3816.5,3.03,183498.0,48.1,2.43,37021.87,4.1,0,0.6869,83.46,63.4,1,0,0.0
2025,Tungsten,Bolivia,0,alloy,3783.6,2.96,183945.0,48.6,2.37,36271.51,4.5,0,0.6855,84.55,53.0,1,0,0.0
2026,Tungsten,Bolivia,0,alloy,4009.8,3.16,212703.0,53.0,2.53,38740.59,-0.7,0,0.6877,84.55,56.8,1,0,
2015,Tungsten,China,0,alloy,69094.4,80.6,3378349.0,48.9,100.0,30087.73,7.9,0,0.6788,80.6,60.6,1,0,0.0
2016,Tungsten,China,0,alloy,71652.0,80.22,888893.0,12.4,100.0,28299.22,10.9,0,0.6831,80.22,72.6,1,0,0.0
2017,Tungsten,China,0,alloy,82355.9,84.32,3682426.0,44.7,100.0,33656.18,4.0,0,0.6909,84.32,57.0,1,0,0.0
2018,Tungsten,China,0,alloy,85578.5,85.23,1755765.0,20.5,100.0,35503.73,1.9,0,0.6839,85.23,67.3,1,0,0.0
2019,Tungsten,China,0,alloy,78446.6,78.14,1532179.0,19.5,100.0,31558.42,3.1,0,0.6613,78.14,63.9,1,0,0.0
2020,Tungsten,China,0,alloy,81897.1,82.21,766201.0,9.4,100.0,34435.23,6.8,0,0.6814,82.21,67.3,1,0,0.0
2021,Tungsten,China,0,alloy,84784.2,76.97,4102740.0,48.4,100.0,34552.53,4.3,0,0.6706,76.97,65.3,1,0,0.0
2022,Tungsten,China,0,alloy,92943.3,84.47,1367887.0,14.7,100.0,35160.34,7.9,0,0.6889,84.47,71.8,1,0,0.0
2023,Tungsten,China,0,alloy,101608.8,84.89,1910364.0,18.8,100.0,37566.43,4.9,0,0.6879,84.89,69.2,1,0,0.0
2024,Tungsten,China,0,alloy,105062.2,83.46,2312380.0,22.0,100.0,37021.87,4.2,0,0.6869,83.46,60.3,1,0,1.0
2025,Tungsten,China,0,alloy,107950.1,84.55,1370786.0,12.7,100.0,36271.51,12.2,1,0.6855,84.55,76.1,1,1,0.0
2026,Tungsten,China,0,alloy,107306.3,84.55,2159831.0,20.1,100.0,38740.59,12.8,1,0.6877,84.55,79.0,1,0,
2015,Tungsten,Mongolia,0,alloy,2549.2,2.97,65123.0,25.5,2.38,30087.73,5.6,0,0.6788,80.6,56.4,1,0,0.0
2016,Tungsten,Mongolia,0,alloy,2708.7,3.03,64793.0,23.9,2.43,28299.22,4.7,0,0.6831,80.22,57.9,1,0,0.0
2017,Tungsten,Mongolia,0,alloy,2936.8,3.01,56026.0,19.1,2.41,33656.18,7.2,0,0.6909,84.32,57.6,1,0,0.0
2018,Tungsten,Mongolia,0,alloy,3212.3,3.2,157942.0,49.2,2.56,35503.73,4.7,0,0.6839,85.23,58.5,1,0,0.0
2019,Tungsten,Mongolia,0,alloy,2877.5,2.87,95005.0,33.0,2.29,31558.42,9.0,0,0.6613,78.14,54.0,1,0,0.0
2020,Tungsten,Mongolia,0,alloy,2786.5,2.8,157419.0,56.5,2.24,34435.23,5.9,0,0.6814,82.21,61.1,1,0,0.0
2021,Tungsten,Mongolia,0,alloy,3356.2,3.05,172770.0,51.5,2.44,34552.53,1.4,0,0.6706,76.97,48.7,1,0,0.0
2022,Tungsten,Mongolia,0,alloy,3494.6,3.18,41889.0,12.0,2.54,35160.34,3.8,0,0.6889,84.47,58.8,1,0,0.0
2023,Tungsten,Mongolia,0,alloy,3602.8,3.01,76039.0,21.1,2.41,37566.43,-0.2,0,0.6879,84.89,50.3,1,0,0.0
2024,Tungsten,Mongolia,0,alloy,3769.4,2.99,115979.0,30.8,2.4,37021.87,6.0,0,0.6869,83.46,54.6,1,0,0.0
2025,Tungsten,Mongolia,0,alloy,3919.6,3.07,139103.0,35.5,2.46,36271.51,7.5,0,0.6855,84.55,52.4,1,0,0.0
2026,Tungsten,Mongolia,0,alloy,3828.5,3.02,225956.0,59.0,2.41,38740.59,6.1,0,0.6877,84.55,64.0,1,0,
2015,Tungsten,Russia,0,alloy,3477.2,4.06,204861.0,58.9,3.25,30087.73,2.7,0,0.6788,80.6,63.0,1,0,0.0
2016,Tungsten,Russia,0,alloy,3407.4,3.81,178427.0,52.4,3.05,28299.22,2.7,0,0.6831,80.22,65.8,1,0,0.0
2017,Tungsten,Russia,0,alloy,3654.9,3.74,33722.0,9.2,2.99,33656.18,6.1,0,0.6909,84.32,81.9,1,0,0.0
2018,Tungsten,Russia,0,alloy,4086.3,4.07,109463.0,26.8,3.26,35503.73,8.2,0,0.6839,85.23,62.6,1,0,0.0
2019,Tungsten,Russia,0,alloy,4229.3,4.21,228670.0,54.1,3.37,31558.42,3.7,0,0.6613,78.14,52.4,1,0,0.0
2020,Tungsten,Russia,0,alloy,3715.1,3.73,184481.0,49.7,2.98,34435.23,7.0,0,0.6814,82.21,70.4,1,0,0.0
2021,Tungsten,Russia,0,alloy,4128.3,3.75,186185.0,45.1,3.0,34552.53,3.6,0,0.6706,76.97,57.9,1,0,0.0
2022,Tungsten,Russia,0,alloy,4259.6,3.87,202924.0,47.6,3.1,35160.34,10.9,0,0.6889,84.47,63.3,1,0,0.0
2023,Tungsten,Russia,0,alloy,5070.2,4.24,222226.0,43.8,3.39,37566.43,6.1,0,0.6879,84.89,68.5,1,0,0.0
2024,Tungsten,Russia,0,alloy,5071.1,4.03,108982.0,21.5,3.22,37021.87,7.7,0,0.6869,83.46,64.1,1,0,0.0
2025,Tungsten,Russia,0,alloy,4805.2,3.76,148841.0,31.0,3.01,36271.51,11.1,0,0.6855,84.55,61.5,1,0,0.0
2026,Tungsten,Russia,0,alloy,5208.7,4.1,114341.0,22.0,3.28,38740.59,4.2,0,0.6877,84.55,65.3,1,0,
2015,Tungsten,Vietnam,0,alloy,3996.1,4.66,137256.0,34.3,3.73,30087.73,3.1,0,0.6788,80.6,56.3,1,0,0.0
2016,Tungsten,Vietnam,0,alloy,4198.7,4.7,42362.0,10.1,3.76,28299.22,8.5,0,0.6831,80.22,67.3,1,0,0.0
2017,Tungsten,Vietnam,0,alloy,4755.2,4.87,213888.0,45.0,3.9,33656.18,5.4,0,0.6909,84.32,50.7,1,0,0.0
2018,Tungsten,Vietnam,0,alloy,5061.3,5.04,91442.0,18.1,4.03,35503.73,5.4,0,0.6839,85.23,48.9,1,0,0.0
2019,Tungsten,Vietnam,0,alloy,5267.1,5.25,220803.0,41.9,4.2,31558.42,1.0,0,0.6613,78.14,52.6,1,0,0.0
2020,Tungsten,Vietnam,0,alloy,5285.3,5.31,124741.0,23.6,4.24,34435.23,5.1,0,0.6814,82.21,62.8,1,0,0.0
2021,Tungsten,Vietnam,0,alloy,5280.7,4.79,138792.0,26.3,3.84,34552.53,3.4,0,0.6706,76.97,48.0,0,0,0.0
2022,Tungsten,Vietnam,0,alloy,5263.1,4.78,102141.0,19.4,3.83,35160.34,-1.6,0,0.6889,84.47,53.4,1,0,0.0
2023,Tungsten,Vietnam,0,alloy,5593.7,4.67,284786.0,50.9,3.74,37566.43,9.8,0,0.6879,84.89,51.1,1,0,0.0
2024,Tungsten,Vietnam,0,alloy,5940.3,4.72,194059.0,32.7,3.78,37021.87,4.1,0,0.6869,83.46,52.2,1,0,0.0
2025,Tungsten,Vietnam,0,alloy,6492.9,5.09,210528.0,32.4,4.07,36271.51,6.5,0,0.6855,84.55,49.5,1,0,0.0
2026,Tungsten,Vietnam,0,alloy,6011.6,4.74,310849.0,51.7,3.79,38740.59,11.9,0,0.6877,84.55,56.6,1,0,
2015,Vanadium,Brazil,0,alloy,3835.0,5.26,85531.0,22.3,4.21,26125.26,7.1,0,0.3681,51.19,26.8,0,0,0.0
2016,Vanadium,Brazil,0,alloy,3867.0,5.02,69764.0,18.0,4.01,24331.57,7.0,0,0.3759,52.3,33.2,0,0,0.0
2017,Vanadium,Brazil,0,alloy,4020.2,4.94,223193.0,55.5,3.95,25027.96,8.0,0,0.3837,54.75,31.3,0,0,0.0
2018,Vanadium,Brazil,0,alloy,4750.4,5.35,264025.0,55.6,4.28,26367.71,2.5,0,0.3719,51.8,30.2,0,0,0.0
2019,Vanadium,Brazil,0,alloy,4629.0,5.27,111171.0,24.0,4.22,27159.23,8.0,0,0.3778,52.81,19.6,0,0,0.0
2020,Vanadium,Brazil,0,alloy,4592.2,5.06,175632.0,38.2,4.05,29551.88,4.5,0,0.3862,53.22,30.3,0,0,0.0
2021,Vanadium,Brazil,0,alloy,4449.7,4.71,223625.0,50.3,3.77,31528.98,5.6,0,0.3811,53.29,26.9,0,0,0.0
2022,Vanadium,Brazil,0,alloy,4805.1,4.99,93760.0,19.5,3.99,33261.52,5.5,0,0.3765,54.73,36.8,0,0,0.0
2023,Vanadium,Brazil,0,alloy,5097.7,4.92,175472.0,34.4,3.94,31561.81,7.3,0,0.3788,52.37,23.9,0,0,0.0
2024,Vanadium,Brazil,0,alloy,5162.0,4.92,261936.0,50.7,3.94,33781.3,2.7,0,0.3773,51.22,30.8,0,0,0.0
2025,Vanadium,Brazil,0,alloy,5720.2,4.91,234050.0,40.9,3.93,30386.27,7.0,0,0.3895,56.34,24.3,0,0,0.0
2026,Vanadium,Brazil,0,alloy,6029.8,4.91,175411.0,29.1,3.93,33561.18,3.4,0,0.3875,55.92,28.6,0,0,
2015,Vanadium,China,0,alloy,37328.5,51.19,1840687.0,49.3,76.78,26125.26,4.1,0,0.3681,51.19,32.2,0,0,0.0
2016,Vanadium,China,0,alloy,40315.2,52.3,2121690.0,52.6,78.45,24331.57,6.4,0,0.3759,52.3,36.6,0,0,0.0
2017,Vanadium,China,0,alloy,44536.3,54.75,425224.0,9.5,82.12,25027.96,2.6,0,0.3837,54.75,41.9,0,0,0.0
2018,Vanadium,China,0,alloy,46032.6,51.8,964006.0,20.9,77.7,26367.71,11.6,0,0.3719,51.8,40.8,0,0,0.0
2019,Vanadium,China,0,alloy,46373.1,52.81,2144226.0,46.2,79.21,27159.23,3.8,0,0.3778,52.81,30.8,0,0,0.0
2020,Vanadium,China,0,alloy,48253.5,53.22,2684223.0,55.6,79.83,29551.88,9.2,0,0.3862,53.22,43.1,0,0,0.0
2021,Vanadium,China,0,alloy,50359.9,53.29,1464648.0,29.1,79.93,31528.98,3.9,0,0.3811,53.29,37.8,0,0,0.0
2022,Vanadium,China,0,alloy,52745.1,54.73,2716330.0,51.5,82.1,33261.52,3.1,0,0.3765,54.73,34.1,0,0,0.0
2023,Vanadium,China,0,alloy,54245.9,52.37,2933573.0,54.1,78.55,31561.81,7.6,0,0.3788,52.37,37.6,0,0,0.0
2024,Vanadium,China,0,alloy,53692.3,51.22,2966013.0,55.2,76.82,33781.3,9.2,0,0.3773,51.22,33.4,0,0,0.0
2025,Vanadium,China,0,alloy,65660.0,56.34,2085636.0,31.8,84.5,30386.27,8.6,0,0.3895,56.34,35.1,0,0,0.0
2026,Vanadium,China,0,alloy,68695.7,55.92,3194039.0,46.5,83.89,33561.18,6.3,0,0.3875,55.92,48.9,1,0,
2015,Vanadium,Russia,0,alloy,14881.2,20.41,777311.0,52.2,16.32,26125.26,5.3,0,0.3681,51.19,36.6,0,0,0.0
2016,Vanadium,Russia,0,alloy,14784.5,19.18,459420.0,31.1,15.34,24331.57,7.8,0,0.3759,52.3,32.8,0,0,0.0
2017,Vanadium,Russia,0,alloy,16049.1,19.73,319991.0,19.9,15.78,25027.96,11.3,0,0.3837,54.75,33.2,0,0,0.0
2018,Vanadium,Russia,0,alloy,17144.4,19.29,593914.0,34.6,15.43,26367.71,4.6,0,0.3719,51.8,38.7,0,0,0.0
2019,Vanadium,Russia,0,alloy,18348.0,20.89,1024964.0,55.9,16.71,27159.23,6.1,0,0.3778,52.81,32.8,0,0,0.0
2020,Vanadium,Russia,0,alloy,17102.9,18.86,554024.0,32.4,15.09,29551.88,5.3,0,0.3862,53.22,36.9,0,0,0.0
2021,Vanadium,Russia,0,alloy,18759.3,19.85,794682.0,42.4,15.88,31528.98,3.9,0,0.3811,53.29,38.6,0,0,0.0
2022,Vanadium,Russia,0,alloy,20211.5,20.97,1050647.0,52.0,16.78,33261.52,1.1,0,0.3765,54.73,43.1,0,0,0.0
2023,Vanadium,Russia,0,alloy,19896.8,19.21,451901.0,22.7,15.37,31561.81,7.0,0,0.3788,52.37,41.7,0,0,0.0
2024,Vanadium,Russia,0,alloy,20131.5,19.2,1151186.0,57.2,15.36,33781.3,8.3,0,0.3773,51.22,43.2,0,0,0.0
2025,Vanadium,Russia,0,alloy,23169.0,19.88,541745.0,23.4,15.9,30386.27,6.4,0,0.3895,56.34,39.4,0,0,0.0
2026,Vanadium,Russia,0,alloy,23775.4,19.35,578508.0,24.3,15.48,33561.18,8.2,0,0.3875,55.92,35.4,0,0,
2015,Vanadium,SouthAfrica,0,alloy,14854.7,20.37,536555.0,36.1,16.3,26125.26,5.0,0,0.3681,51.19,22.1,0,0,0.0
2016,Vanadium,SouthAfrica,0,alloy,16083.3,20.87,651430.0,40.5,16.69,24331.57,5.3,0,0.3759,52.3,25.1,0,0,0.0
2017,Vanadium,SouthAfrica,0,alloy,16681.5,20.51,388576.0,23.3,16.4,25027.96,4.8,0,0.3837,54.75,27.4,0,0,0.0
2018,Vanadium,SouthAfrica,0,alloy,18484.0,20.8,891831.0,48.2,16.64,26367.71,4.1,0,0.3719,51.8,26.9,0,0,0.0
2019,Vanadium,SouthAfrica,0,alloy,16394.0,18.67,628370.0,38.3,14.93,27159.23,2.7,0,0.3778,52.81,25.4,0,0,0.0
2020,Vanadium,SouthAfrica,0,alloy,17341.2,19.13,184871.0,10.7,15.3,29551.88,5.6,0,0.3862,53.22,38.1,0,0,0.0
2021,Vanadium,SouthAfrica,0,alloy,19093.7,20.2,157272.0,8.2,16.16,31528.98,9.7,0,0.3811,53.29,33.6,0,0,0.0
2022,Vanadium,SouthAfrica,0,alloy,20447.5,21.22,720711.0,35.2,16.97,33261.52,6.1,0,0.3765,54.73,36.0,0,0,0.0
2023,Vanadium,SouthAfrica,0,alloy,20989.2,20.26,257127.0,12.3,16.21,31561.81,0.1,0,0.3788,52.37,42.2,0,0,0.0
2024,Vanadium,SouthAfrica,0,alloy,20527.5,19.58,312917.0,15.2,15.66,33781.3,-1.6,0,0.3773,51.22,26.2,0,0,0.0
2025,Vanadium,SouthAfrica,0,alloy,23607.7,20.26,573167.0,24.3,16.2,30386.27,8.7,0,0.3895,56.34,26.0,0,0,0.0
2026,Vanadium,SouthAfrica,0,alloy,25783.9,20.99,980790.0,38.0,16.79,33561.18,4.3,0,0.3875,55.92,28.0,0,0,
2015,Yttrium,Australia,1,phosphor,416.3,5.76,4971.0,11.9,4.61,35000.0,5.1,0,0.6411,77.21,52.4,1,0,0.0
2016,Yttrium,Australia,1,phosphor,446.5,6.13,8168.0,18.3,4.9,31500.0,9.2,0,0.6456,80.15,48.2,0,0,0.0
2017,Yttrium,Australia,1,phosphor,457.7,6.14,4886.0,10.7,4.91,38500.0,7.1,0,0.6303,76.71,58.5,1,0,0.0
2018,Yttrium,Australia,1,phosphor,460.6,6.13,19836.0,43.1,4.9,42000.0,8.3,0,0.6518,84.31,50.8,1,0,0.0
2019,Yttrium,Australia,1,phosphor,567.4,6.62,17543.0,30.9,5.29,35000.0,5.1,0,0.6159,73.93,48.1,0,0,0.0
2020,Yttrium,Australia,1,phosphor,567.5,6.86,5246.0,9.2,5.49,38500.0,1.2,0,0.6244,77.63,49.7,1,0,1.0
2021,Yttrium,Australia,1,phosphor,568.8,6.66,16167.0,28.4,5.33,66500.0,9.8,0,0.6135,74.99,53.8,1,1,0.0
2022,Yttrium,Australia,1,phosphor,637.9,6.96,22836.0,35.8,5.56,73500.0,10.3,0,0.6199,77.52,52.9,1,0,0.0
2023,Yttrium,Australia,1,phosphor,583.3,6.35,27161.0,46.6,5.08,49000.0,4.4,0,0.6169,73.79,54.5,1,0,0.0
2024,Yttrium,Australia,1,phosphor,642.1,6.45,35810.0,55.8,5.16,42000.0,8.6,0,0.6291,78.1,45.9,0,0,0.0
2025,Yttrium,Australia,1,phosphor,671.8,6.62,9461.0,14.1,5.3,56000.0,6.6,0,0.6381,81.93,60.9,1,0,0.0
2026,Yttrium,Australia,1,phosphor,815.9,7.47,7079.0,8.7,5.98,63000.0,7.6,0,0.5862,71.62,53.3,1,0,
2015,Yttrium,China,1,phosphor,5577.8,77.21,263255.0,47.2,100.0,35000.0,4.7,0,0.6411,77.21,61.0,1,0,0.0
2016,Yttrium,China,1,phosphor,5842.0,80.15,90151.0,15.4,100.0,31500.0,7.4,0,0.6456,80.15,54.1,1,0,0.0
2017,Yttrium,China,1,phosphor,5715.4,76.71,167516.0,29.3,100.0,38500.0,3.9,0,0.6303,76.71,55.7,1,0,0.0
2018,Yttrium,China,1,phosphor,6337.7,84.31,374764.0,59.1,100.0,42000.0,7.7,0,0.6518,84.31,59.5,1,0,0.0
2019,Yttrium,China,1,phosphor,6338.2,73.93,92952.0,14.7,100.0,35000.0,3.9,0,0.6159,73.93,65.2,1,0,0.0
2020,Yttrium,China,1,phosphor,6423.6,77.63,122084.0,19.0,100.0,38500.0,6.2,0,0.6244,77.63,56.4,1,0,1.0
2021,Yttrium,China,1,phosphor,6406.2,74.99,279204.0,43.6,100.0,66500.0,2.6,0,0.6135,74.99,64.2,1,1,0.0
2022,Yttrium,China,1,phosphor,7108.1,77.52,137778.0,19.4,100.0,73500.0,2.8,0,0.6199,77.52,55.6,1,0,0.0
2023,Yttrium,China,1,phosphor,6781.2,73.79,120057.0,17.7,100.0,49000.0,6.5,0,0.6169,73.79,57.2,1,0,0.0
2024,Yttrium,China,1,phosphor,7769.7,78.1,192714.0,24.8,100.0,42000.0,3.6,0,0.6291,78.1,52.4,1,0,1.0
2025,Yttrium,China,1,phosphor,8311.6,81.93,356529.0,42.9,100.0,56000.0,8.0,1,0.6381,81.93,74.8,1,1,0.0
2026,Yttrium,China,1,phosphor,7819.2,71.62,327584.0,41.9,100.0,63000.0,5.5,1,0.5862,71.62,69.3,1,0,
2015,Yttrium,India,1,phosphor,298.3,4.13,8795.0,29.5,3.3,35000.0,3.7,0,0.6411,77.21,50.8,1,0,0.0
2016,Yttrium,India,1,phosphor,297.6,4.08,4696.0,15.8,3.27,31500.0,4.1,0,0.6456,80.15,55.2,1,0,0.0
2017,Yttrium,India,1,phosphor,315.8,4.24,16841.0,53.3,3.39,38500.0,4.8,0,0.6303,76.71,44.2,0,0,0.0
2018,Yttrium,India,1,phosphor,321.3,4.27,17800.0,55.4,3.42,42000.0,6.7,0,0.6518,84.31,55.8,1,0,0.0
2019,Yttrium,India,1,phosphor,360.6,4.21,21218.0,58.8,3.36,35000.0,3.2,0,0.6159,73.93,37.9,0,0,0.0
2020,Yttrium,India,1,phosphor,355.9,4.3,10880.0,30.6,3.44,38500.0,6.4,0,0.6244,77.63,54.2,1,0,1.0
2021,Yttrium,India,1,phosphor,364.6,4.27,9075.0,24.9,3.41,66500.0,3.1,0,0.6135,74.99,48.7,1,1,0.0
2022,Yttrium,India,1,phosphor,379.8,4.14,18862.0,49.7,3.31,73500.0,3.7,0,0.6199,77.52,48.1,0,0,0.0
2023,Yttrium,India,1,phosphor,422.4,4.6,4978.0,11.8,3.68,49000.0,3.7,0,0.6169,73.79,50.6,1,0,0.0
2024,Yttrium,India,1,phosphor,431.3,4.34,17726.0,41.1,3.47,42000.0,5.6,0,0.6291,78.1,49.2,1,0,0.0
2025,Yttrium,India,1,phosphor,457.4,4.51,11150.0,24.4,3.61,56000.0,8.6,0,0.6381,81.93,60.4,1,0,0.0
2026,Yttrium,India,1,phosphor,493.1,4.52,20383.0,41.3,3.61,63000.0,5.3,0,0.5862,71.62,46.1,0,0,
2015,Yttrium,Myanmar,1,phosphor,768.8,10.64,33698.0,43.8,8.51,35000.0,5.6,0,0.6411,77.21,61.0,1,0,0.0
2016,Yttrium,Myanmar,1,phosphor,778.9,10.69,39678.0,50.9,8.55,31500.0,6.5,0,0.6456,80.15,60.0,1,0,0.0
2017,Yttrium,Myanmar,1,phosphor,817.5,10.97,44357.0,54.3,8.78,38500.0,7.6,0,0.6303,76.71,54.9,1,0,0.0
2018,Yttrium,Myanmar,1,phosphor,827.3,11.01,28020.0,33.9,8.8,42000.0,3.7,0,0.6518,84.31,50.4,1,0,0.0
2019,Yttrium,Myanmar,1,phosphor,943.4,11.0,35273.0,37.4,8.8,35000.0,1.6,0,0.6159,73.93,56.2,1,0,0.0
2020,Yttrium,Myanmar,1,phosphor,905.7,10.95,22223.0,24.5,8.76,38500.0,5.0,0,0.6244,77.63,61.0,1,0,1.0
2021,Yttrium,Myanmar,1,phosphor,978.9,11.46,39196.0,40.0,9.17,66500.0,4.7,0,0.6135,74.99,56.6,1,1,0.0
2022,Yttrium,Myanmar,1,phosphor,1047.8,11.43,28737.0,27.4,9.14,73500.0,8.1,0,0.6199,77.52,57.6,1,0,0.0
2023,Yttrium,Myanmar,1,phosphor,985.2,10.72,28452.0,28.9,8.58,49000.0,9.3,0,0.6169,73.79,59.1,1,0,0.0
2024,Yttrium,Myanmar,1,phosphor,1098.5,11.04,24567.0,22.4,8.83,42000.0,4.7,0,0.6291,78.1,57.9,1,0,0.0
2025,Yttrium,Myanmar,1,phosphor,1104.3,10.89,14871.0,13.5,8.71,56000.0,6.0,0,0.6381,81.93,63.2,1,0,0.0
2026,Yttrium,Myanmar,1,phosphor,1299.5,11.9,34557.0,26.6,9.52,63000.0,4.8,0,0.5862,71.62,52.6,1,0,
